-- ============================================================================
-- SmashHub Default Seed Data
-- Version: 1.0.0
-- ============================================================================

-- ─────────────────────────────────────────────────────────────────────────────
-- ROLES
-- ─────────────────────────────────────────────────────────────────────────────

INSERT INTO `roles` (`name`, `description`) VALUES
  ('admin', 'System administrator with full access'),
  ('user', 'Regular user who can register for tournaments'),
  ('chief_referee', 'Chief referee who can approve and oversee match results'),
  ('referee', 'Tournament referee who can manage matches'),
  ('organizer', 'Tournament organizer who can create and manage tournaments');

-- ─────────────────────────────────────────────────────────────────────────────
-- PERMISSIONS
-- ─────────────────────────────────────────────────────────────────────────────

INSERT INTO `permissions` (`name`) VALUES
  -- User permissions
  ('users:view'),
  ('users:create'),
  ('users:update'),
  ('users:delete'),

  -- Tournament permissions
  ('tournaments:view'),
  ('tournaments:create'),
  ('tournaments:update'),
  ('tournaments:delete'),
  ('tournaments:manage'),

  -- Category permissions
  ('category:view'),
  ('category:create'),
  ('category:update'),
  ('category:delete'),

  -- Knockout permissions
  ('knockouts:view'),
  ('knockouts:create'),
  ('knockouts:update'),
  ('knockouts:delete'),

  -- Group permissions
  ('groups:view'),
  ('groups:create'),
  ('groups:update'),
  ('groups:delete'),

  -- Entry permissions
  ('entries:view'),
  ('entries:create'),
  ('entries:update'),
  ('entries:delete'),
  ('entries:approve'),

  -- Match permissions
  ('matches:view'),
  ('matches:create'),
  ('matches:update'),
  ('matches:delete'),
  ('matches:start'),
  ('matches:report_result'),
  ('matches:approve_result'),

  -- Sub Match permissions
  ('submatches:view'),
  ('submatches:create'),
  ('submatches:start'),
  ('submatches:update'),
  ('submatches:delete'),

  -- Match sets permissions
  ('matchsets:view'),
  ('matchsets:create'),
  ('matchsets:update'),
  ('matchsets:delete'),

  -- Schedule permissions
  ('schedules:view'),
  ('schedules:create'),
  ('schedules:update'),
  ('schedules:delete'),

  -- ELO permissions
  ('elo:view'),
  ('elo:manage'),

  -- Role & permission management
  ('roles:view'),
  ('roles:create'),
  ('roles:update'),
  ('roles:delete'),
  ('permissions:view'),
  ('permissions:manage'),

  -- Notification permissions
  ('notifications:view'),
  ('notifications:send'),
  ('notifications:manage'),

  -- Payment permissions
  ('payments:view'),
  ('payments:create'),
  ('payments:update'),
  ('payments:delete');

-- ─────────────────────────────────────────────────────────────────────────────
-- ROLE PERMISSIONS
-- ─────────────────────────────────────────────────────────────────────────────

-- Admin has all permissions
INSERT INTO `role_permissions` (`roleId`, `permissionId`)
SELECT 
  (SELECT `id` FROM `roles` WHERE `name` = 'admin'),
  `id`
FROM `permissions`;

-- User permissions
INSERT INTO `role_permissions` (`roleId`, `permissionId`)
SELECT 
  (SELECT `id` FROM `roles` WHERE `name` = 'user'),
  `id`
FROM `permissions` 
WHERE `name` IN (
  'users:view',
  'users:update',
  'tournaments:view',
  'category:view',
  'entries:view',
  'entries:create',
  'entries:update',
  'entries:approve',
  'matches:view',
  'schedules:view',
  'elo:view',
  'notifications:view'
);

-- Referee permissions
INSERT INTO `role_permissions` (`roleId`, `permissionId`)
SELECT 
  (SELECT `id` FROM `roles` WHERE `name` = 'referee'),
  `id`
FROM `permissions` 
WHERE `name` IN (
  'users:view',
  'users:update',
  'tournaments:view',
  'category:view',
  'entries:view',
  'matches:view',
  'matches:start',
  'submatches:view',
  'submatches:update',
  'submatches:start',
  'matchsets:view',
  'matchsets:create',
  'matchsets:update',
  'matchsets:delete',
  'matches:report_result',
  'schedules:view',
  'notifications:view'
);

-- Chief referee permissions
INSERT INTO `role_permissions` (`roleId`, `permissionId`)
SELECT 
  (SELECT `id` FROM `roles` WHERE `name` = 'chief_referee'),
  `id`
FROM `permissions` 
WHERE `name` IN (
  'users:view',
  'users:update',
  'tournaments:view',
  'category:view',
  'entries:view',
  'entries:update',
  'matches:view',
  'matches:update',
  'matches:start',
  'matches:report_result',
  'matches:approve_result',
  'submatches:view',
  'matchsets:view',
  'schedules:view',
  'notifications:view'
);

-- Organizer permissions
INSERT INTO `role_permissions` (`roleId`, `permissionId`)
SELECT 
  (SELECT `id` FROM `roles` WHERE `name` = 'organizer'),
  `id`
FROM `permissions` 
WHERE `name` IN (
  'users:view',
  'users:update',
  'tournaments:view',
  'tournaments:create',
  'tournaments:update',
  'tournaments:manage',
  'tournaments:delete',
  'category:view',
  'category:create',
  'category:update',
  'category:delete',
  'entries:view',
  'entries:create',
  'entries:update',
  'entries:delete',
  'entries:approve',
  'matches:view',
  'matches:create',
  'matches:update',
  'matches:start',
  'matches:report_result',
  'matches:approve_result',
  'schedules:view',
  'schedules:create',
  'schedules:update',
  'groups:view',
  'groups:create',
  'groups:update',
  'groups:delete',
  'knockouts:view',
  'knockouts:create',
  'knockouts:update',
  'knockouts:delete',
  'submatches:view',
  'submatches:create',
  'submatches:start',
  'submatches:update',
  'submatches:delete',
  'matchsets:view',
  'matchsets:create',
  'matchsets:update',
  'matchsets:delete',
  'payments:view',
  'payments:create',
  'payments:update',
  'notifications:view',
  'notifications:send',
  'elo:view'
);

-- ============================================================================
-- Seed Data: users
-- Password: Password123!
-- Hash: $2b$10$WSTW/8cDMbNokSu89L4jlOhkIxrHnUitCT.beHYzdeRIgLeUDsueK
-- Generated: 2026-06-10
-- IDs:
--   1: admin
--   2: organizer
--   3-202: user accounts (200)
--   203-352: referee accounts (150)
--   353-402: chief_referee accounts (50)
--   403-702: additional user accounts (300)
--   703-1052: additional referee accounts (350)
--   1053-1502: additional chief_referee accounts (450)
-- Totals:
--   user: 500 accounts
--   referee: 500 accounts
--   chief_referee: 500 accounts
-- ============================================================================
INSERT INTO `users` (`id`, `firstName`, `lastName`, `email`, `password`, `isEmailVerified`, `gender`, `avatarUrl`, `dob`, `phoneNumber`, `createdAt`, `updatedAt`) VALUES
(1, 'Admin', 'User', 'admin@test.com', '$2b$10$WSTW/8cDMbNokSu89L4jlOhkIxrHnUitCT.beHYzdeRIgLeUDsueK', 1, NULL, NULL, NULL, NULL, '2026-05-20 00:00:00', '2026-05-20 00:00:00'),
(2, 'Organizer', 'User', 'organizer@test.com', '$2b$10$WSTW/8cDMbNokSu89L4jlOhkIxrHnUitCT.beHYzdeRIgLeUDsueK', 1, NULL, NULL, NULL, NULL, '2026-05-20 00:00:00', '2026-05-20 00:00:00'),
(3, 'User', '1', 'user1@test.com', '$2b$10$WSTW/8cDMbNokSu89L4jlOhkIxrHnUitCT.beHYzdeRIgLeUDsueK', 1, 'male', NULL, '1991-01-01', NULL, '2026-05-20 00:00:00', '2026-05-20 00:00:00'),
(4, 'User', '2', 'user2@test.com', '$2b$10$WSTW/8cDMbNokSu89L4jlOhkIxrHnUitCT.beHYzdeRIgLeUDsueK', 1, 'female', NULL, '1992-02-02', NULL, '2026-05-20 00:00:00', '2026-05-20 00:00:00'),
(5, 'User', '3', 'user3@test.com', '$2b$10$WSTW/8cDMbNokSu89L4jlOhkIxrHnUitCT.beHYzdeRIgLeUDsueK', 1, 'male', NULL, '1993-03-03', NULL, '2026-05-20 00:00:00', '2026-05-20 00:00:00'),
(6, 'User', '4', 'user4@test.com', '$2b$10$WSTW/8cDMbNokSu89L4jlOhkIxrHnUitCT.beHYzdeRIgLeUDsueK', 1, 'female', NULL, '1994-04-04', NULL, '2026-05-20 00:00:00', '2026-05-20 00:00:00'),
(7, 'User', '5', 'user5@test.com', '$2b$10$WSTW/8cDMbNokSu89L4jlOhkIxrHnUitCT.beHYzdeRIgLeUDsueK', 1, 'male', NULL, '1995-05-05', NULL, '2026-05-20 00:00:00', '2026-05-20 00:00:00'),
(8, 'User', '6', 'user6@test.com', '$2b$10$WSTW/8cDMbNokSu89L4jlOhkIxrHnUitCT.beHYzdeRIgLeUDsueK', 1, 'female', NULL, '1996-06-06', NULL, '2026-05-20 00:00:00', '2026-05-20 00:00:00'),
(9, 'User', '7', 'user7@test.com', '$2b$10$WSTW/8cDMbNokSu89L4jlOhkIxrHnUitCT.beHYzdeRIgLeUDsueK', 1, 'male', NULL, '1997-07-07', NULL, '2026-05-20 00:00:00', '2026-05-20 00:00:00'),
(10, 'User', '8', 'user8@test.com', '$2b$10$WSTW/8cDMbNokSu89L4jlOhkIxrHnUitCT.beHYzdeRIgLeUDsueK', 1, 'female', NULL, '1998-08-08', NULL, '2026-05-20 00:00:00', '2026-05-20 00:00:00'),
(11, 'User', '9', 'user9@test.com', '$2b$10$WSTW/8cDMbNokSu89L4jlOhkIxrHnUitCT.beHYzdeRIgLeUDsueK', 1, 'male', NULL, '1999-09-09', NULL, '2026-05-20 00:00:00', '2026-05-20 00:00:00'),
(12, 'User', '10', 'user10@test.com', '$2b$10$WSTW/8cDMbNokSu89L4jlOhkIxrHnUitCT.beHYzdeRIgLeUDsueK', 1, 'female', NULL, '2000-10-10', NULL, '2026-05-20 00:00:00', '2026-05-20 00:00:00'),
(13, 'User', '11', 'user11@test.com', '$2b$10$WSTW/8cDMbNokSu89L4jlOhkIxrHnUitCT.beHYzdeRIgLeUDsueK', 1, 'male', NULL, '2001-11-11', NULL, '2026-05-20 00:00:00', '2026-05-20 00:00:00'),
(14, 'User', '12', 'user12@test.com', '$2b$10$WSTW/8cDMbNokSu89L4jlOhkIxrHnUitCT.beHYzdeRIgLeUDsueK', 1, 'female', NULL, '2002-12-12', NULL, '2026-05-20 00:00:00', '2026-05-20 00:00:00'),
(15, 'User', '13', 'user13@test.com', '$2b$10$WSTW/8cDMbNokSu89L4jlOhkIxrHnUitCT.beHYzdeRIgLeUDsueK', 1, 'male', NULL, '2003-01-13', NULL, '2026-05-20 00:00:00', '2026-05-20 00:00:00'),
(16, 'User', '14', 'user14@test.com', '$2b$10$WSTW/8cDMbNokSu89L4jlOhkIxrHnUitCT.beHYzdeRIgLeUDsueK', 1, 'female', NULL, '2004-02-14', NULL, '2026-05-20 00:00:00', '2026-05-20 00:00:00'),
(17, 'User', '15', 'user15@test.com', '$2b$10$WSTW/8cDMbNokSu89L4jlOhkIxrHnUitCT.beHYzdeRIgLeUDsueK', 1, 'male', NULL, '2005-03-15', NULL, '2026-05-20 00:00:00', '2026-05-20 00:00:00'),
(18, 'User', '16', 'user16@test.com', '$2b$10$WSTW/8cDMbNokSu89L4jlOhkIxrHnUitCT.beHYzdeRIgLeUDsueK', 1, 'female', NULL, '2006-04-16', NULL, '2026-05-20 00:00:00', '2026-05-20 00:00:00'),
(19, 'User', '17', 'user17@test.com', '$2b$10$WSTW/8cDMbNokSu89L4jlOhkIxrHnUitCT.beHYzdeRIgLeUDsueK', 1, 'male', NULL, '2007-05-17', NULL, '2026-05-20 00:00:00', '2026-05-20 00:00:00'),
(20, 'User', '18', 'user18@test.com', '$2b$10$WSTW/8cDMbNokSu89L4jlOhkIxrHnUitCT.beHYzdeRIgLeUDsueK', 1, 'female', NULL, '2008-06-18', NULL, '2026-05-20 00:00:00', '2026-05-20 00:00:00'),
(21, 'User', '19', 'user19@test.com', '$2b$10$WSTW/8cDMbNokSu89L4jlOhkIxrHnUitCT.beHYzdeRIgLeUDsueK', 1, 'male', NULL, '2009-07-19', NULL, '2026-05-20 00:00:00', '2026-05-20 00:00:00'),
(22, 'User', '20', 'user20@test.com', '$2b$10$WSTW/8cDMbNokSu89L4jlOhkIxrHnUitCT.beHYzdeRIgLeUDsueK', 1, 'female', NULL, '1990-08-20', NULL, '2026-05-20 00:00:00', '2026-05-20 00:00:00'),
(23, 'User', '21', 'user21@test.com', '$2b$10$WSTW/8cDMbNokSu89L4jlOhkIxrHnUitCT.beHYzdeRIgLeUDsueK', 1, 'male', NULL, '1991-09-21', NULL, '2026-05-20 00:00:00', '2026-05-20 00:00:00'),
(24, 'User', '22', 'user22@test.com', '$2b$10$WSTW/8cDMbNokSu89L4jlOhkIxrHnUitCT.beHYzdeRIgLeUDsueK', 1, 'female', NULL, '1992-10-22', NULL, '2026-05-20 00:00:00', '2026-05-20 00:00:00'),
(25, 'User', '23', 'user23@test.com', '$2b$10$WSTW/8cDMbNokSu89L4jlOhkIxrHnUitCT.beHYzdeRIgLeUDsueK', 1, 'male', NULL, '1993-11-23', NULL, '2026-05-20 00:00:00', '2026-05-20 00:00:00'),
(26, 'User', '24', 'user24@test.com', '$2b$10$WSTW/8cDMbNokSu89L4jlOhkIxrHnUitCT.beHYzdeRIgLeUDsueK', 1, 'female', NULL, '1994-12-24', NULL, '2026-05-20 00:00:00', '2026-05-20 00:00:00'),
(27, 'User', '25', 'user25@test.com', '$2b$10$WSTW/8cDMbNokSu89L4jlOhkIxrHnUitCT.beHYzdeRIgLeUDsueK', 1, 'male', NULL, '1995-01-25', NULL, '2026-05-20 00:00:00', '2026-05-20 00:00:00'),
(28, 'User', '26', 'user26@test.com', '$2b$10$WSTW/8cDMbNokSu89L4jlOhkIxrHnUitCT.beHYzdeRIgLeUDsueK', 1, 'female', NULL, '1996-02-26', NULL, '2026-05-20 00:00:00', '2026-05-20 00:00:00'),
(29, 'User', '27', 'user27@test.com', '$2b$10$WSTW/8cDMbNokSu89L4jlOhkIxrHnUitCT.beHYzdeRIgLeUDsueK', 1, 'male', NULL, '1997-03-27', NULL, '2026-05-20 00:00:00', '2026-05-20 00:00:00'),
(30, 'User', '28', 'user28@test.com', '$2b$10$WSTW/8cDMbNokSu89L4jlOhkIxrHnUitCT.beHYzdeRIgLeUDsueK', 1, 'female', NULL, '1998-04-28', NULL, '2026-05-20 00:00:00', '2026-05-20 00:00:00'),
(31, 'User', '29', 'user29@test.com', '$2b$10$WSTW/8cDMbNokSu89L4jlOhkIxrHnUitCT.beHYzdeRIgLeUDsueK', 1, 'male', NULL, '1999-05-01', NULL, '2026-05-20 00:00:00', '2026-05-20 00:00:00'),
(32, 'User', '30', 'user30@test.com', '$2b$10$WSTW/8cDMbNokSu89L4jlOhkIxrHnUitCT.beHYzdeRIgLeUDsueK', 1, 'female', NULL, '2000-06-02', NULL, '2026-05-20 00:00:00', '2026-05-20 00:00:00'),
(33, 'User', '31', 'user31@test.com', '$2b$10$WSTW/8cDMbNokSu89L4jlOhkIxrHnUitCT.beHYzdeRIgLeUDsueK', 1, 'male', NULL, '2001-07-03', NULL, '2026-05-20 00:00:00', '2026-05-20 00:00:00'),
(34, 'User', '32', 'user32@test.com', '$2b$10$WSTW/8cDMbNokSu89L4jlOhkIxrHnUitCT.beHYzdeRIgLeUDsueK', 1, 'female', NULL, '2002-08-04', NULL, '2026-05-20 00:00:00', '2026-05-20 00:00:00'),
(35, 'User', '33', 'user33@test.com', '$2b$10$WSTW/8cDMbNokSu89L4jlOhkIxrHnUitCT.beHYzdeRIgLeUDsueK', 1, 'male', NULL, '2003-09-05', NULL, '2026-05-20 00:00:00', '2026-05-20 00:00:00'),
(36, 'User', '34', 'user34@test.com', '$2b$10$WSTW/8cDMbNokSu89L4jlOhkIxrHnUitCT.beHYzdeRIgLeUDsueK', 1, 'female', NULL, '2004-10-06', NULL, '2026-05-20 00:00:00', '2026-05-20 00:00:00'),
(37, 'User', '35', 'user35@test.com', '$2b$10$WSTW/8cDMbNokSu89L4jlOhkIxrHnUitCT.beHYzdeRIgLeUDsueK', 1, 'male', NULL, '2005-11-07', NULL, '2026-05-20 00:00:00', '2026-05-20 00:00:00'),
(38, 'User', '36', 'user36@test.com', '$2b$10$WSTW/8cDMbNokSu89L4jlOhkIxrHnUitCT.beHYzdeRIgLeUDsueK', 1, 'female', NULL, '2006-12-08', NULL, '2026-05-20 00:00:00', '2026-05-20 00:00:00'),
(39, 'User', '37', 'user37@test.com', '$2b$10$WSTW/8cDMbNokSu89L4jlOhkIxrHnUitCT.beHYzdeRIgLeUDsueK', 1, 'male', NULL, '2007-01-09', NULL, '2026-05-20 00:00:00', '2026-05-20 00:00:00'),
(40, 'User', '38', 'user38@test.com', '$2b$10$WSTW/8cDMbNokSu89L4jlOhkIxrHnUitCT.beHYzdeRIgLeUDsueK', 1, 'female', NULL, '2008-02-10', NULL, '2026-05-20 00:00:00', '2026-05-20 00:00:00'),
(41, 'User', '39', 'user39@test.com', '$2b$10$WSTW/8cDMbNokSu89L4jlOhkIxrHnUitCT.beHYzdeRIgLeUDsueK', 1, 'male', NULL, '2009-03-11', NULL, '2026-05-20 00:00:00', '2026-05-20 00:00:00'),
(42, 'User', '40', 'user40@test.com', '$2b$10$WSTW/8cDMbNokSu89L4jlOhkIxrHnUitCT.beHYzdeRIgLeUDsueK', 1, 'female', NULL, '1990-04-12', NULL, '2026-05-20 00:00:00', '2026-05-20 00:00:00'),
(43, 'User', '41', 'user41@test.com', '$2b$10$WSTW/8cDMbNokSu89L4jlOhkIxrHnUitCT.beHYzdeRIgLeUDsueK', 1, 'male', NULL, '1991-05-13', NULL, '2026-05-20 00:00:00', '2026-05-20 00:00:00'),
(44, 'User', '42', 'user42@test.com', '$2b$10$WSTW/8cDMbNokSu89L4jlOhkIxrHnUitCT.beHYzdeRIgLeUDsueK', 1, 'female', NULL, '1992-06-14', NULL, '2026-05-20 00:00:00', '2026-05-20 00:00:00'),
(45, 'User', '43', 'user43@test.com', '$2b$10$WSTW/8cDMbNokSu89L4jlOhkIxrHnUitCT.beHYzdeRIgLeUDsueK', 1, 'male', NULL, '1993-07-15', NULL, '2026-05-20 00:00:00', '2026-05-20 00:00:00'),
(46, 'User', '44', 'user44@test.com', '$2b$10$WSTW/8cDMbNokSu89L4jlOhkIxrHnUitCT.beHYzdeRIgLeUDsueK', 1, 'female', NULL, '1994-08-16', NULL, '2026-05-20 00:00:00', '2026-05-20 00:00:00'),
(47, 'User', '45', 'user45@test.com', '$2b$10$WSTW/8cDMbNokSu89L4jlOhkIxrHnUitCT.beHYzdeRIgLeUDsueK', 1, 'male', NULL, '1995-09-17', NULL, '2026-05-20 00:00:00', '2026-05-20 00:00:00'),
(48, 'User', '46', 'user46@test.com', '$2b$10$WSTW/8cDMbNokSu89L4jlOhkIxrHnUitCT.beHYzdeRIgLeUDsueK', 1, 'female', NULL, '1996-10-18', NULL, '2026-05-20 00:00:00', '2026-05-20 00:00:00'),
(49, 'User', '47', 'user47@test.com', '$2b$10$WSTW/8cDMbNokSu89L4jlOhkIxrHnUitCT.beHYzdeRIgLeUDsueK', 1, 'male', NULL, '1997-11-19', NULL, '2026-05-20 00:00:00', '2026-05-20 00:00:00'),
(50, 'User', '48', 'user48@test.com', '$2b$10$WSTW/8cDMbNokSu89L4jlOhkIxrHnUitCT.beHYzdeRIgLeUDsueK', 1, 'female', NULL, '1998-12-20', NULL, '2026-05-20 00:00:00', '2026-05-20 00:00:00'),
(51, 'User', '49', 'user49@test.com', '$2b$10$WSTW/8cDMbNokSu89L4jlOhkIxrHnUitCT.beHYzdeRIgLeUDsueK', 1, 'male', NULL, '1999-01-21', NULL, '2026-05-20 00:00:00', '2026-05-20 00:00:00'),
(52, 'User', '50', 'user50@test.com', '$2b$10$WSTW/8cDMbNokSu89L4jlOhkIxrHnUitCT.beHYzdeRIgLeUDsueK', 1, 'female', NULL, '2000-02-22', NULL, '2026-05-20 00:00:00', '2026-05-20 00:00:00'),
(53, 'User', '51', 'user51@test.com', '$2b$10$WSTW/8cDMbNokSu89L4jlOhkIxrHnUitCT.beHYzdeRIgLeUDsueK', 1, 'male', NULL, '2001-03-23', NULL, '2026-05-20 00:00:00', '2026-05-20 00:00:00'),
(54, 'User', '52', 'user52@test.com', '$2b$10$WSTW/8cDMbNokSu89L4jlOhkIxrHnUitCT.beHYzdeRIgLeUDsueK', 1, 'female', NULL, '2002-04-24', NULL, '2026-05-20 00:00:00', '2026-05-20 00:00:00'),
(55, 'User', '53', 'user53@test.com', '$2b$10$WSTW/8cDMbNokSu89L4jlOhkIxrHnUitCT.beHYzdeRIgLeUDsueK', 1, 'male', NULL, '2003-05-25', NULL, '2026-05-20 00:00:00', '2026-05-20 00:00:00'),
(56, 'User', '54', 'user54@test.com', '$2b$10$WSTW/8cDMbNokSu89L4jlOhkIxrHnUitCT.beHYzdeRIgLeUDsueK', 1, 'female', NULL, '2004-06-26', NULL, '2026-05-20 00:00:00', '2026-05-20 00:00:00'),
(57, 'User', '55', 'user55@test.com', '$2b$10$WSTW/8cDMbNokSu89L4jlOhkIxrHnUitCT.beHYzdeRIgLeUDsueK', 1, 'male', NULL, '2005-07-27', NULL, '2026-05-20 00:00:00', '2026-05-20 00:00:00'),
(58, 'User', '56', 'user56@test.com', '$2b$10$WSTW/8cDMbNokSu89L4jlOhkIxrHnUitCT.beHYzdeRIgLeUDsueK', 1, 'female', NULL, '2006-08-28', NULL, '2026-05-20 00:00:00', '2026-05-20 00:00:00'),
(59, 'User', '57', 'user57@test.com', '$2b$10$WSTW/8cDMbNokSu89L4jlOhkIxrHnUitCT.beHYzdeRIgLeUDsueK', 1, 'male', NULL, '2007-09-01', NULL, '2026-05-20 00:00:00', '2026-05-20 00:00:00'),
(60, 'User', '58', 'user58@test.com', '$2b$10$WSTW/8cDMbNokSu89L4jlOhkIxrHnUitCT.beHYzdeRIgLeUDsueK', 1, 'female', NULL, '2008-10-02', NULL, '2026-05-20 00:00:00', '2026-05-20 00:00:00'),
(61, 'User', '59', 'user59@test.com', '$2b$10$WSTW/8cDMbNokSu89L4jlOhkIxrHnUitCT.beHYzdeRIgLeUDsueK', 1, 'male', NULL, '2009-11-03', NULL, '2026-05-20 00:00:00', '2026-05-20 00:00:00'),
(62, 'User', '60', 'user60@test.com', '$2b$10$WSTW/8cDMbNokSu89L4jlOhkIxrHnUitCT.beHYzdeRIgLeUDsueK', 1, 'female', NULL, '1990-12-04', NULL, '2026-05-20 00:00:00', '2026-05-20 00:00:00'),
(63, 'User', '61', 'user61@test.com', '$2b$10$WSTW/8cDMbNokSu89L4jlOhkIxrHnUitCT.beHYzdeRIgLeUDsueK', 1, 'male', NULL, '1991-01-05', NULL, '2026-05-20 00:00:00', '2026-05-20 00:00:00'),
(64, 'User', '62', 'user62@test.com', '$2b$10$WSTW/8cDMbNokSu89L4jlOhkIxrHnUitCT.beHYzdeRIgLeUDsueK', 1, 'female', NULL, '1992-02-06', NULL, '2026-05-20 00:00:00', '2026-05-20 00:00:00'),
(65, 'User', '63', 'user63@test.com', '$2b$10$WSTW/8cDMbNokSu89L4jlOhkIxrHnUitCT.beHYzdeRIgLeUDsueK', 1, 'male', NULL, '1993-03-07', NULL, '2026-05-20 00:00:00', '2026-05-20 00:00:00'),
(66, 'User', '64', 'user64@test.com', '$2b$10$WSTW/8cDMbNokSu89L4jlOhkIxrHnUitCT.beHYzdeRIgLeUDsueK', 1, 'female', NULL, '1994-04-08', NULL, '2026-05-20 00:00:00', '2026-05-20 00:00:00'),
(67, 'User', '65', 'user65@test.com', '$2b$10$WSTW/8cDMbNokSu89L4jlOhkIxrHnUitCT.beHYzdeRIgLeUDsueK', 1, 'male', NULL, '1995-05-09', NULL, '2026-05-20 00:00:00', '2026-05-20 00:00:00'),
(68, 'User', '66', 'user66@test.com', '$2b$10$WSTW/8cDMbNokSu89L4jlOhkIxrHnUitCT.beHYzdeRIgLeUDsueK', 1, 'female', NULL, '1996-06-10', NULL, '2026-05-20 00:00:00', '2026-05-20 00:00:00'),
(69, 'User', '67', 'user67@test.com', '$2b$10$WSTW/8cDMbNokSu89L4jlOhkIxrHnUitCT.beHYzdeRIgLeUDsueK', 1, 'male', NULL, '1997-07-11', NULL, '2026-05-20 00:00:00', '2026-05-20 00:00:00'),
(70, 'User', '68', 'user68@test.com', '$2b$10$WSTW/8cDMbNokSu89L4jlOhkIxrHnUitCT.beHYzdeRIgLeUDsueK', 1, 'female', NULL, '1998-08-12', NULL, '2026-05-20 00:00:00', '2026-05-20 00:00:00'),
(71, 'User', '69', 'user69@test.com', '$2b$10$WSTW/8cDMbNokSu89L4jlOhkIxrHnUitCT.beHYzdeRIgLeUDsueK', 1, 'male', NULL, '1999-09-13', NULL, '2026-05-20 00:00:00', '2026-05-20 00:00:00'),
(72, 'User', '70', 'user70@test.com', '$2b$10$WSTW/8cDMbNokSu89L4jlOhkIxrHnUitCT.beHYzdeRIgLeUDsueK', 1, 'female', NULL, '2000-10-14', NULL, '2026-05-20 00:00:00', '2026-05-20 00:00:00'),
(73, 'User', '71', 'user71@test.com', '$2b$10$WSTW/8cDMbNokSu89L4jlOhkIxrHnUitCT.beHYzdeRIgLeUDsueK', 1, 'male', NULL, '2001-11-15', NULL, '2026-05-20 00:00:00', '2026-05-20 00:00:00'),
(74, 'User', '72', 'user72@test.com', '$2b$10$WSTW/8cDMbNokSu89L4jlOhkIxrHnUitCT.beHYzdeRIgLeUDsueK', 1, 'female', NULL, '2002-12-16', NULL, '2026-05-20 00:00:00', '2026-05-20 00:00:00'),
(75, 'User', '73', 'user73@test.com', '$2b$10$WSTW/8cDMbNokSu89L4jlOhkIxrHnUitCT.beHYzdeRIgLeUDsueK', 1, 'male', NULL, '2003-01-17', NULL, '2026-05-20 00:00:00', '2026-05-20 00:00:00'),
(76, 'User', '74', 'user74@test.com', '$2b$10$WSTW/8cDMbNokSu89L4jlOhkIxrHnUitCT.beHYzdeRIgLeUDsueK', 1, 'female', NULL, '2004-02-18', NULL, '2026-05-20 00:00:00', '2026-05-20 00:00:00'),
(77, 'User', '75', 'user75@test.com', '$2b$10$WSTW/8cDMbNokSu89L4jlOhkIxrHnUitCT.beHYzdeRIgLeUDsueK', 1, 'male', NULL, '2005-03-19', NULL, '2026-05-20 00:00:00', '2026-05-20 00:00:00'),
(78, 'User', '76', 'user76@test.com', '$2b$10$WSTW/8cDMbNokSu89L4jlOhkIxrHnUitCT.beHYzdeRIgLeUDsueK', 1, 'female', NULL, '2006-04-20', NULL, '2026-05-20 00:00:00', '2026-05-20 00:00:00'),
(79, 'User', '77', 'user77@test.com', '$2b$10$WSTW/8cDMbNokSu89L4jlOhkIxrHnUitCT.beHYzdeRIgLeUDsueK', 1, 'male', NULL, '2007-05-21', NULL, '2026-05-20 00:00:00', '2026-05-20 00:00:00'),
(80, 'User', '78', 'user78@test.com', '$2b$10$WSTW/8cDMbNokSu89L4jlOhkIxrHnUitCT.beHYzdeRIgLeUDsueK', 1, 'female', NULL, '2008-06-22', NULL, '2026-05-20 00:00:00', '2026-05-20 00:00:00'),
(81, 'User', '79', 'user79@test.com', '$2b$10$WSTW/8cDMbNokSu89L4jlOhkIxrHnUitCT.beHYzdeRIgLeUDsueK', 1, 'male', NULL, '2009-07-23', NULL, '2026-05-20 00:00:00', '2026-05-20 00:00:00'),
(82, 'User', '80', 'user80@test.com', '$2b$10$WSTW/8cDMbNokSu89L4jlOhkIxrHnUitCT.beHYzdeRIgLeUDsueK', 1, 'female', NULL, '1990-08-24', NULL, '2026-05-20 00:00:00', '2026-05-20 00:00:00'),
(83, 'User', '81', 'user81@test.com', '$2b$10$WSTW/8cDMbNokSu89L4jlOhkIxrHnUitCT.beHYzdeRIgLeUDsueK', 1, 'male', NULL, '1991-09-25', NULL, '2026-05-20 00:00:00', '2026-05-20 00:00:00'),
(84, 'User', '82', 'user82@test.com', '$2b$10$WSTW/8cDMbNokSu89L4jlOhkIxrHnUitCT.beHYzdeRIgLeUDsueK', 1, 'female', NULL, '1992-10-26', NULL, '2026-05-20 00:00:00', '2026-05-20 00:00:00'),
(85, 'User', '83', 'user83@test.com', '$2b$10$WSTW/8cDMbNokSu89L4jlOhkIxrHnUitCT.beHYzdeRIgLeUDsueK', 1, 'male', NULL, '1993-11-27', NULL, '2026-05-20 00:00:00', '2026-05-20 00:00:00'),
(86, 'User', '84', 'user84@test.com', '$2b$10$WSTW/8cDMbNokSu89L4jlOhkIxrHnUitCT.beHYzdeRIgLeUDsueK', 1, 'female', NULL, '1994-12-28', NULL, '2026-05-20 00:00:00', '2026-05-20 00:00:00'),
(87, 'User', '85', 'user85@test.com', '$2b$10$WSTW/8cDMbNokSu89L4jlOhkIxrHnUitCT.beHYzdeRIgLeUDsueK', 1, 'male', NULL, '1995-01-01', NULL, '2026-05-20 00:00:00', '2026-05-20 00:00:00'),
(88, 'User', '86', 'user86@test.com', '$2b$10$WSTW/8cDMbNokSu89L4jlOhkIxrHnUitCT.beHYzdeRIgLeUDsueK', 1, 'female', NULL, '1996-02-02', NULL, '2026-05-20 00:00:00', '2026-05-20 00:00:00'),
(89, 'User', '87', 'user87@test.com', '$2b$10$WSTW/8cDMbNokSu89L4jlOhkIxrHnUitCT.beHYzdeRIgLeUDsueK', 1, 'male', NULL, '1997-03-03', NULL, '2026-05-20 00:00:00', '2026-05-20 00:00:00'),
(90, 'User', '88', 'user88@test.com', '$2b$10$WSTW/8cDMbNokSu89L4jlOhkIxrHnUitCT.beHYzdeRIgLeUDsueK', 1, 'female', NULL, '1998-04-04', NULL, '2026-05-20 00:00:00', '2026-05-20 00:00:00'),
(91, 'User', '89', 'user89@test.com', '$2b$10$WSTW/8cDMbNokSu89L4jlOhkIxrHnUitCT.beHYzdeRIgLeUDsueK', 1, 'male', NULL, '1999-05-05', NULL, '2026-05-20 00:00:00', '2026-05-20 00:00:00'),
(92, 'User', '90', 'user90@test.com', '$2b$10$WSTW/8cDMbNokSu89L4jlOhkIxrHnUitCT.beHYzdeRIgLeUDsueK', 1, 'female', NULL, '2000-06-06', NULL, '2026-05-20 00:00:00', '2026-05-20 00:00:00'),
(93, 'User', '91', 'user91@test.com', '$2b$10$WSTW/8cDMbNokSu89L4jlOhkIxrHnUitCT.beHYzdeRIgLeUDsueK', 1, 'male', NULL, '2001-07-07', NULL, '2026-05-20 00:00:00', '2026-05-20 00:00:00'),
(94, 'User', '92', 'user92@test.com', '$2b$10$WSTW/8cDMbNokSu89L4jlOhkIxrHnUitCT.beHYzdeRIgLeUDsueK', 1, 'female', NULL, '2002-08-08', NULL, '2026-05-20 00:00:00', '2026-05-20 00:00:00'),
(95, 'User', '93', 'user93@test.com', '$2b$10$WSTW/8cDMbNokSu89L4jlOhkIxrHnUitCT.beHYzdeRIgLeUDsueK', 1, 'male', NULL, '2003-09-09', NULL, '2026-05-20 00:00:00', '2026-05-20 00:00:00'),
(96, 'User', '94', 'user94@test.com', '$2b$10$WSTW/8cDMbNokSu89L4jlOhkIxrHnUitCT.beHYzdeRIgLeUDsueK', 1, 'female', NULL, '2004-10-10', NULL, '2026-05-20 00:00:00', '2026-05-20 00:00:00'),
(97, 'User', '95', 'user95@test.com', '$2b$10$WSTW/8cDMbNokSu89L4jlOhkIxrHnUitCT.beHYzdeRIgLeUDsueK', 1, 'male', NULL, '2005-11-11', NULL, '2026-05-20 00:00:00', '2026-05-20 00:00:00'),
(98, 'User', '96', 'user96@test.com', '$2b$10$WSTW/8cDMbNokSu89L4jlOhkIxrHnUitCT.beHYzdeRIgLeUDsueK', 1, 'female', NULL, '2006-12-12', NULL, '2026-05-20 00:00:00', '2026-05-20 00:00:00'),
(99, 'User', '97', 'user97@test.com', '$2b$10$WSTW/8cDMbNokSu89L4jlOhkIxrHnUitCT.beHYzdeRIgLeUDsueK', 1, 'male', NULL, '2007-01-13', NULL, '2026-05-20 00:00:00', '2026-05-20 00:00:00'),
(100, 'User', '98', 'user98@test.com', '$2b$10$WSTW/8cDMbNokSu89L4jlOhkIxrHnUitCT.beHYzdeRIgLeUDsueK', 1, 'female', NULL, '2008-02-14', NULL, '2026-05-20 00:00:00', '2026-05-20 00:00:00'),
(101, 'User', '99', 'user99@test.com', '$2b$10$WSTW/8cDMbNokSu89L4jlOhkIxrHnUitCT.beHYzdeRIgLeUDsueK', 1, 'male', NULL, '2009-03-15', NULL, '2026-05-20 00:00:00', '2026-05-20 00:00:00'),
(102, 'User', '100', 'user100@test.com', '$2b$10$WSTW/8cDMbNokSu89L4jlOhkIxrHnUitCT.beHYzdeRIgLeUDsueK', 1, 'female', NULL, '1990-04-16', NULL, '2026-05-20 00:00:00', '2026-05-20 00:00:00'),
(103, 'User', '101', 'user101@test.com', '$2b$10$WSTW/8cDMbNokSu89L4jlOhkIxrHnUitCT.beHYzdeRIgLeUDsueK', 1, 'male', NULL, '1991-05-17', NULL, '2026-05-20 00:00:00', '2026-05-20 00:00:00'),
(104, 'User', '102', 'user102@test.com', '$2b$10$WSTW/8cDMbNokSu89L4jlOhkIxrHnUitCT.beHYzdeRIgLeUDsueK', 1, 'female', NULL, '1992-06-18', NULL, '2026-05-20 00:00:00', '2026-05-20 00:00:00'),
(105, 'User', '103', 'user103@test.com', '$2b$10$WSTW/8cDMbNokSu89L4jlOhkIxrHnUitCT.beHYzdeRIgLeUDsueK', 1, 'male', NULL, '1993-07-19', NULL, '2026-05-20 00:00:00', '2026-05-20 00:00:00'),
(106, 'User', '104', 'user104@test.com', '$2b$10$WSTW/8cDMbNokSu89L4jlOhkIxrHnUitCT.beHYzdeRIgLeUDsueK', 1, 'female', NULL, '1994-08-20', NULL, '2026-05-20 00:00:00', '2026-05-20 00:00:00'),
(107, 'User', '105', 'user105@test.com', '$2b$10$WSTW/8cDMbNokSu89L4jlOhkIxrHnUitCT.beHYzdeRIgLeUDsueK', 1, 'male', NULL, '1995-09-21', NULL, '2026-05-20 00:00:00', '2026-05-20 00:00:00'),
(108, 'User', '106', 'user106@test.com', '$2b$10$WSTW/8cDMbNokSu89L4jlOhkIxrHnUitCT.beHYzdeRIgLeUDsueK', 1, 'female', NULL, '1996-10-22', NULL, '2026-05-20 00:00:00', '2026-05-20 00:00:00'),
(109, 'User', '107', 'user107@test.com', '$2b$10$WSTW/8cDMbNokSu89L4jlOhkIxrHnUitCT.beHYzdeRIgLeUDsueK', 1, 'male', NULL, '1997-11-23', NULL, '2026-05-20 00:00:00', '2026-05-20 00:00:00'),
(110, 'User', '108', 'user108@test.com', '$2b$10$WSTW/8cDMbNokSu89L4jlOhkIxrHnUitCT.beHYzdeRIgLeUDsueK', 1, 'female', NULL, '1998-12-24', NULL, '2026-05-20 00:00:00', '2026-05-20 00:00:00'),
(111, 'User', '109', 'user109@test.com', '$2b$10$WSTW/8cDMbNokSu89L4jlOhkIxrHnUitCT.beHYzdeRIgLeUDsueK', 1, 'male', NULL, '1999-01-25', NULL, '2026-05-20 00:00:00', '2026-05-20 00:00:00'),
(112, 'User', '110', 'user110@test.com', '$2b$10$WSTW/8cDMbNokSu89L4jlOhkIxrHnUitCT.beHYzdeRIgLeUDsueK', 1, 'female', NULL, '2000-02-26', NULL, '2026-05-20 00:00:00', '2026-05-20 00:00:00'),
(113, 'User', '111', 'user111@test.com', '$2b$10$WSTW/8cDMbNokSu89L4jlOhkIxrHnUitCT.beHYzdeRIgLeUDsueK', 1, 'male', NULL, '2001-03-27', NULL, '2026-05-20 00:00:00', '2026-05-20 00:00:00'),
(114, 'User', '112', 'user112@test.com', '$2b$10$WSTW/8cDMbNokSu89L4jlOhkIxrHnUitCT.beHYzdeRIgLeUDsueK', 1, 'female', NULL, '2002-04-28', NULL, '2026-05-20 00:00:00', '2026-05-20 00:00:00'),
(115, 'User', '113', 'user113@test.com', '$2b$10$WSTW/8cDMbNokSu89L4jlOhkIxrHnUitCT.beHYzdeRIgLeUDsueK', 1, 'male', NULL, '2003-05-01', NULL, '2026-05-20 00:00:00', '2026-05-20 00:00:00'),
(116, 'User', '114', 'user114@test.com', '$2b$10$WSTW/8cDMbNokSu89L4jlOhkIxrHnUitCT.beHYzdeRIgLeUDsueK', 1, 'female', NULL, '2004-06-02', NULL, '2026-05-20 00:00:00', '2026-05-20 00:00:00'),
(117, 'User', '115', 'user115@test.com', '$2b$10$WSTW/8cDMbNokSu89L4jlOhkIxrHnUitCT.beHYzdeRIgLeUDsueK', 1, 'male', NULL, '2005-07-03', NULL, '2026-05-20 00:00:00', '2026-05-20 00:00:00'),
(118, 'User', '116', 'user116@test.com', '$2b$10$WSTW/8cDMbNokSu89L4jlOhkIxrHnUitCT.beHYzdeRIgLeUDsueK', 1, 'female', NULL, '2006-08-04', NULL, '2026-05-20 00:00:00', '2026-05-20 00:00:00'),
(119, 'User', '117', 'user117@test.com', '$2b$10$WSTW/8cDMbNokSu89L4jlOhkIxrHnUitCT.beHYzdeRIgLeUDsueK', 1, 'male', NULL, '2007-09-05', NULL, '2026-05-20 00:00:00', '2026-05-20 00:00:00'),
(120, 'User', '118', 'user118@test.com', '$2b$10$WSTW/8cDMbNokSu89L4jlOhkIxrHnUitCT.beHYzdeRIgLeUDsueK', 1, 'female', NULL, '2008-10-06', NULL, '2026-05-20 00:00:00', '2026-05-20 00:00:00'),
(121, 'User', '119', 'user119@test.com', '$2b$10$WSTW/8cDMbNokSu89L4jlOhkIxrHnUitCT.beHYzdeRIgLeUDsueK', 1, 'male', NULL, '2009-11-07', NULL, '2026-05-20 00:00:00', '2026-05-20 00:00:00'),
(122, 'User', '120', 'user120@test.com', '$2b$10$WSTW/8cDMbNokSu89L4jlOhkIxrHnUitCT.beHYzdeRIgLeUDsueK', 1, 'female', NULL, '1990-12-08', NULL, '2026-05-20 00:00:00', '2026-05-20 00:00:00'),
(123, 'User', '121', 'user121@test.com', '$2b$10$WSTW/8cDMbNokSu89L4jlOhkIxrHnUitCT.beHYzdeRIgLeUDsueK', 1, 'male', NULL, '1991-01-09', NULL, '2026-05-20 00:00:00', '2026-05-20 00:00:00'),
(124, 'User', '122', 'user122@test.com', '$2b$10$WSTW/8cDMbNokSu89L4jlOhkIxrHnUitCT.beHYzdeRIgLeUDsueK', 1, 'female', NULL, '1992-02-10', NULL, '2026-05-20 00:00:00', '2026-05-20 00:00:00'),
(125, 'User', '123', 'user123@test.com', '$2b$10$WSTW/8cDMbNokSu89L4jlOhkIxrHnUitCT.beHYzdeRIgLeUDsueK', 1, 'male', NULL, '1993-03-11', NULL, '2026-05-20 00:00:00', '2026-05-20 00:00:00'),
(126, 'User', '124', 'user124@test.com', '$2b$10$WSTW/8cDMbNokSu89L4jlOhkIxrHnUitCT.beHYzdeRIgLeUDsueK', 1, 'female', NULL, '1994-04-12', NULL, '2026-05-20 00:00:00', '2026-05-20 00:00:00'),
(127, 'User', '125', 'user125@test.com', '$2b$10$WSTW/8cDMbNokSu89L4jlOhkIxrHnUitCT.beHYzdeRIgLeUDsueK', 1, 'male', NULL, '1995-05-13', NULL, '2026-05-20 00:00:00', '2026-05-20 00:00:00'),
(128, 'User', '126', 'user126@test.com', '$2b$10$WSTW/8cDMbNokSu89L4jlOhkIxrHnUitCT.beHYzdeRIgLeUDsueK', 1, 'female', NULL, '1996-06-14', NULL, '2026-05-20 00:00:00', '2026-05-20 00:00:00'),
(129, 'User', '127', 'user127@test.com', '$2b$10$WSTW/8cDMbNokSu89L4jlOhkIxrHnUitCT.beHYzdeRIgLeUDsueK', 1, 'male', NULL, '1997-07-15', NULL, '2026-05-20 00:00:00', '2026-05-20 00:00:00'),
(130, 'User', '128', 'user128@test.com', '$2b$10$WSTW/8cDMbNokSu89L4jlOhkIxrHnUitCT.beHYzdeRIgLeUDsueK', 1, 'female', NULL, '1998-08-16', NULL, '2026-05-20 00:00:00', '2026-05-20 00:00:00'),
(131, 'User', '129', 'user129@test.com', '$2b$10$WSTW/8cDMbNokSu89L4jlOhkIxrHnUitCT.beHYzdeRIgLeUDsueK', 1, 'male', NULL, '1999-09-17', NULL, '2026-05-20 00:00:00', '2026-05-20 00:00:00'),
(132, 'User', '130', 'user130@test.com', '$2b$10$WSTW/8cDMbNokSu89L4jlOhkIxrHnUitCT.beHYzdeRIgLeUDsueK', 1, 'female', NULL, '2000-10-18', NULL, '2026-05-20 00:00:00', '2026-05-20 00:00:00'),
(133, 'User', '131', 'user131@test.com', '$2b$10$WSTW/8cDMbNokSu89L4jlOhkIxrHnUitCT.beHYzdeRIgLeUDsueK', 1, 'male', NULL, '2001-11-19', NULL, '2026-05-20 00:00:00', '2026-05-20 00:00:00'),
(134, 'User', '132', 'user132@test.com', '$2b$10$WSTW/8cDMbNokSu89L4jlOhkIxrHnUitCT.beHYzdeRIgLeUDsueK', 1, 'female', NULL, '2002-12-20', NULL, '2026-05-20 00:00:00', '2026-05-20 00:00:00'),
(135, 'User', '133', 'user133@test.com', '$2b$10$WSTW/8cDMbNokSu89L4jlOhkIxrHnUitCT.beHYzdeRIgLeUDsueK', 1, 'male', NULL, '2003-01-21', NULL, '2026-05-20 00:00:00', '2026-05-20 00:00:00'),
(136, 'User', '134', 'user134@test.com', '$2b$10$WSTW/8cDMbNokSu89L4jlOhkIxrHnUitCT.beHYzdeRIgLeUDsueK', 1, 'female', NULL, '2004-02-22', NULL, '2026-05-20 00:00:00', '2026-05-20 00:00:00'),
(137, 'User', '135', 'user135@test.com', '$2b$10$WSTW/8cDMbNokSu89L4jlOhkIxrHnUitCT.beHYzdeRIgLeUDsueK', 1, 'male', NULL, '2005-03-23', NULL, '2026-05-20 00:00:00', '2026-05-20 00:00:00'),
(138, 'User', '136', 'user136@test.com', '$2b$10$WSTW/8cDMbNokSu89L4jlOhkIxrHnUitCT.beHYzdeRIgLeUDsueK', 1, 'female', NULL, '2006-04-24', NULL, '2026-05-20 00:00:00', '2026-05-20 00:00:00'),
(139, 'User', '137', 'user137@test.com', '$2b$10$WSTW/8cDMbNokSu89L4jlOhkIxrHnUitCT.beHYzdeRIgLeUDsueK', 1, 'male', NULL, '2007-05-25', NULL, '2026-05-20 00:00:00', '2026-05-20 00:00:00'),
(140, 'User', '138', 'user138@test.com', '$2b$10$WSTW/8cDMbNokSu89L4jlOhkIxrHnUitCT.beHYzdeRIgLeUDsueK', 1, 'female', NULL, '2008-06-26', NULL, '2026-05-20 00:00:00', '2026-05-20 00:00:00'),
(141, 'User', '139', 'user139@test.com', '$2b$10$WSTW/8cDMbNokSu89L4jlOhkIxrHnUitCT.beHYzdeRIgLeUDsueK', 1, 'male', NULL, '2009-07-27', NULL, '2026-05-20 00:00:00', '2026-05-20 00:00:00'),
(142, 'User', '140', 'user140@test.com', '$2b$10$WSTW/8cDMbNokSu89L4jlOhkIxrHnUitCT.beHYzdeRIgLeUDsueK', 1, 'female', NULL, '1990-08-28', NULL, '2026-05-20 00:00:00', '2026-05-20 00:00:00'),
(143, 'User', '141', 'user141@test.com', '$2b$10$WSTW/8cDMbNokSu89L4jlOhkIxrHnUitCT.beHYzdeRIgLeUDsueK', 1, 'male', NULL, '1991-09-01', NULL, '2026-05-20 00:00:00', '2026-05-20 00:00:00'),
(144, 'User', '142', 'user142@test.com', '$2b$10$WSTW/8cDMbNokSu89L4jlOhkIxrHnUitCT.beHYzdeRIgLeUDsueK', 1, 'female', NULL, '1992-10-02', NULL, '2026-05-20 00:00:00', '2026-05-20 00:00:00'),
(145, 'User', '143', 'user143@test.com', '$2b$10$WSTW/8cDMbNokSu89L4jlOhkIxrHnUitCT.beHYzdeRIgLeUDsueK', 1, 'male', NULL, '1993-11-03', NULL, '2026-05-20 00:00:00', '2026-05-20 00:00:00'),
(146, 'User', '144', 'user144@test.com', '$2b$10$WSTW/8cDMbNokSu89L4jlOhkIxrHnUitCT.beHYzdeRIgLeUDsueK', 1, 'female', NULL, '1994-12-04', NULL, '2026-05-20 00:00:00', '2026-05-20 00:00:00'),
(147, 'User', '145', 'user145@test.com', '$2b$10$WSTW/8cDMbNokSu89L4jlOhkIxrHnUitCT.beHYzdeRIgLeUDsueK', 1, 'male', NULL, '1995-01-05', NULL, '2026-05-20 00:00:00', '2026-05-20 00:00:00'),
(148, 'User', '146', 'user146@test.com', '$2b$10$WSTW/8cDMbNokSu89L4jlOhkIxrHnUitCT.beHYzdeRIgLeUDsueK', 1, 'female', NULL, '1996-02-06', NULL, '2026-05-20 00:00:00', '2026-05-20 00:00:00'),
(149, 'User', '147', 'user147@test.com', '$2b$10$WSTW/8cDMbNokSu89L4jlOhkIxrHnUitCT.beHYzdeRIgLeUDsueK', 1, 'male', NULL, '1997-03-07', NULL, '2026-05-20 00:00:00', '2026-05-20 00:00:00'),
(150, 'User', '148', 'user148@test.com', '$2b$10$WSTW/8cDMbNokSu89L4jlOhkIxrHnUitCT.beHYzdeRIgLeUDsueK', 1, 'female', NULL, '1998-04-08', NULL, '2026-05-20 00:00:00', '2026-05-20 00:00:00'),
(151, 'User', '149', 'user149@test.com', '$2b$10$WSTW/8cDMbNokSu89L4jlOhkIxrHnUitCT.beHYzdeRIgLeUDsueK', 1, 'male', NULL, '1999-05-09', NULL, '2026-05-20 00:00:00', '2026-05-20 00:00:00'),
(152, 'User', '150', 'user150@test.com', '$2b$10$WSTW/8cDMbNokSu89L4jlOhkIxrHnUitCT.beHYzdeRIgLeUDsueK', 1, 'female', NULL, '2000-06-10', NULL, '2026-05-20 00:00:00', '2026-05-20 00:00:00'),
(153, 'User', '151', 'user151@test.com', '$2b$10$WSTW/8cDMbNokSu89L4jlOhkIxrHnUitCT.beHYzdeRIgLeUDsueK', 1, 'male', NULL, '2001-07-11', NULL, '2026-05-20 00:00:00', '2026-05-20 00:00:00'),
(154, 'User', '152', 'user152@test.com', '$2b$10$WSTW/8cDMbNokSu89L4jlOhkIxrHnUitCT.beHYzdeRIgLeUDsueK', 1, 'female', NULL, '2002-08-12', NULL, '2026-05-20 00:00:00', '2026-05-20 00:00:00'),
(155, 'User', '153', 'user153@test.com', '$2b$10$WSTW/8cDMbNokSu89L4jlOhkIxrHnUitCT.beHYzdeRIgLeUDsueK', 1, 'male', NULL, '2003-09-13', NULL, '2026-05-20 00:00:00', '2026-05-20 00:00:00'),
(156, 'User', '154', 'user154@test.com', '$2b$10$WSTW/8cDMbNokSu89L4jlOhkIxrHnUitCT.beHYzdeRIgLeUDsueK', 1, 'female', NULL, '2004-10-14', NULL, '2026-05-20 00:00:00', '2026-05-20 00:00:00'),
(157, 'User', '155', 'user155@test.com', '$2b$10$WSTW/8cDMbNokSu89L4jlOhkIxrHnUitCT.beHYzdeRIgLeUDsueK', 1, 'male', NULL, '2005-11-15', NULL, '2026-05-20 00:00:00', '2026-05-20 00:00:00'),
(158, 'User', '156', 'user156@test.com', '$2b$10$WSTW/8cDMbNokSu89L4jlOhkIxrHnUitCT.beHYzdeRIgLeUDsueK', 1, 'female', NULL, '2006-12-16', NULL, '2026-05-20 00:00:00', '2026-05-20 00:00:00'),
(159, 'User', '157', 'user157@test.com', '$2b$10$WSTW/8cDMbNokSu89L4jlOhkIxrHnUitCT.beHYzdeRIgLeUDsueK', 1, 'male', NULL, '2007-01-17', NULL, '2026-05-20 00:00:00', '2026-05-20 00:00:00'),
(160, 'User', '158', 'user158@test.com', '$2b$10$WSTW/8cDMbNokSu89L4jlOhkIxrHnUitCT.beHYzdeRIgLeUDsueK', 1, 'female', NULL, '2008-02-18', NULL, '2026-05-20 00:00:00', '2026-05-20 00:00:00'),
(161, 'User', '159', 'user159@test.com', '$2b$10$WSTW/8cDMbNokSu89L4jlOhkIxrHnUitCT.beHYzdeRIgLeUDsueK', 1, 'male', NULL, '2009-03-19', NULL, '2026-05-20 00:00:00', '2026-05-20 00:00:00'),
(162, 'User', '160', 'user160@test.com', '$2b$10$WSTW/8cDMbNokSu89L4jlOhkIxrHnUitCT.beHYzdeRIgLeUDsueK', 1, 'female', NULL, '1990-04-20', NULL, '2026-05-20 00:00:00', '2026-05-20 00:00:00'),
(163, 'User', '161', 'user161@test.com', '$2b$10$WSTW/8cDMbNokSu89L4jlOhkIxrHnUitCT.beHYzdeRIgLeUDsueK', 1, 'male', NULL, '1991-05-21', NULL, '2026-05-20 00:00:00', '2026-05-20 00:00:00'),
(164, 'User', '162', 'user162@test.com', '$2b$10$WSTW/8cDMbNokSu89L4jlOhkIxrHnUitCT.beHYzdeRIgLeUDsueK', 1, 'female', NULL, '1992-06-22', NULL, '2026-05-20 00:00:00', '2026-05-20 00:00:00'),
(165, 'User', '163', 'user163@test.com', '$2b$10$WSTW/8cDMbNokSu89L4jlOhkIxrHnUitCT.beHYzdeRIgLeUDsueK', 1, 'male', NULL, '1993-07-23', NULL, '2026-05-20 00:00:00', '2026-05-20 00:00:00'),
(166, 'User', '164', 'user164@test.com', '$2b$10$WSTW/8cDMbNokSu89L4jlOhkIxrHnUitCT.beHYzdeRIgLeUDsueK', 1, 'female', NULL, '1994-08-24', NULL, '2026-05-20 00:00:00', '2026-05-20 00:00:00'),
(167, 'User', '165', 'user165@test.com', '$2b$10$WSTW/8cDMbNokSu89L4jlOhkIxrHnUitCT.beHYzdeRIgLeUDsueK', 1, 'male', NULL, '1995-09-25', NULL, '2026-05-20 00:00:00', '2026-05-20 00:00:00'),
(168, 'User', '166', 'user166@test.com', '$2b$10$WSTW/8cDMbNokSu89L4jlOhkIxrHnUitCT.beHYzdeRIgLeUDsueK', 1, 'female', NULL, '1996-10-26', NULL, '2026-05-20 00:00:00', '2026-05-20 00:00:00'),
(169, 'User', '167', 'user167@test.com', '$2b$10$WSTW/8cDMbNokSu89L4jlOhkIxrHnUitCT.beHYzdeRIgLeUDsueK', 1, 'male', NULL, '1997-11-27', NULL, '2026-05-20 00:00:00', '2026-05-20 00:00:00'),
(170, 'User', '168', 'user168@test.com', '$2b$10$WSTW/8cDMbNokSu89L4jlOhkIxrHnUitCT.beHYzdeRIgLeUDsueK', 1, 'female', NULL, '1998-12-28', NULL, '2026-05-20 00:00:00', '2026-05-20 00:00:00'),
(171, 'User', '169', 'user169@test.com', '$2b$10$WSTW/8cDMbNokSu89L4jlOhkIxrHnUitCT.beHYzdeRIgLeUDsueK', 1, 'male', NULL, '1999-01-01', NULL, '2026-05-20 00:00:00', '2026-05-20 00:00:00'),
(172, 'User', '170', 'user170@test.com', '$2b$10$WSTW/8cDMbNokSu89L4jlOhkIxrHnUitCT.beHYzdeRIgLeUDsueK', 1, 'female', NULL, '2000-02-02', NULL, '2026-05-20 00:00:00', '2026-05-20 00:00:00'),
(173, 'User', '171', 'user171@test.com', '$2b$10$WSTW/8cDMbNokSu89L4jlOhkIxrHnUitCT.beHYzdeRIgLeUDsueK', 1, 'male', NULL, '2001-03-03', NULL, '2026-05-20 00:00:00', '2026-05-20 00:00:00'),
(174, 'User', '172', 'user172@test.com', '$2b$10$WSTW/8cDMbNokSu89L4jlOhkIxrHnUitCT.beHYzdeRIgLeUDsueK', 1, 'female', NULL, '2002-04-04', NULL, '2026-05-20 00:00:00', '2026-05-20 00:00:00'),
(175, 'User', '173', 'user173@test.com', '$2b$10$WSTW/8cDMbNokSu89L4jlOhkIxrHnUitCT.beHYzdeRIgLeUDsueK', 1, 'male', NULL, '2003-05-05', NULL, '2026-05-20 00:00:00', '2026-05-20 00:00:00'),
(176, 'User', '174', 'user174@test.com', '$2b$10$WSTW/8cDMbNokSu89L4jlOhkIxrHnUitCT.beHYzdeRIgLeUDsueK', 1, 'female', NULL, '2004-06-06', NULL, '2026-05-20 00:00:00', '2026-05-20 00:00:00'),
(177, 'User', '175', 'user175@test.com', '$2b$10$WSTW/8cDMbNokSu89L4jlOhkIxrHnUitCT.beHYzdeRIgLeUDsueK', 1, 'male', NULL, '2005-07-07', NULL, '2026-05-20 00:00:00', '2026-05-20 00:00:00'),
(178, 'User', '176', 'user176@test.com', '$2b$10$WSTW/8cDMbNokSu89L4jlOhkIxrHnUitCT.beHYzdeRIgLeUDsueK', 1, 'female', NULL, '2006-08-08', NULL, '2026-05-20 00:00:00', '2026-05-20 00:00:00'),
(179, 'User', '177', 'user177@test.com', '$2b$10$WSTW/8cDMbNokSu89L4jlOhkIxrHnUitCT.beHYzdeRIgLeUDsueK', 1, 'male', NULL, '2007-09-09', NULL, '2026-05-20 00:00:00', '2026-05-20 00:00:00'),
(180, 'User', '178', 'user178@test.com', '$2b$10$WSTW/8cDMbNokSu89L4jlOhkIxrHnUitCT.beHYzdeRIgLeUDsueK', 1, 'female', NULL, '2008-10-10', NULL, '2026-05-20 00:00:00', '2026-05-20 00:00:00'),
(181, 'User', '179', 'user179@test.com', '$2b$10$WSTW/8cDMbNokSu89L4jlOhkIxrHnUitCT.beHYzdeRIgLeUDsueK', 1, 'male', NULL, '2009-11-11', NULL, '2026-05-20 00:00:00', '2026-05-20 00:00:00'),
(182, 'User', '180', 'user180@test.com', '$2b$10$WSTW/8cDMbNokSu89L4jlOhkIxrHnUitCT.beHYzdeRIgLeUDsueK', 1, 'female', NULL, '1990-12-12', NULL, '2026-05-20 00:00:00', '2026-05-20 00:00:00'),
(183, 'User', '181', 'user181@test.com', '$2b$10$WSTW/8cDMbNokSu89L4jlOhkIxrHnUitCT.beHYzdeRIgLeUDsueK', 1, 'male', NULL, '1991-01-13', NULL, '2026-05-20 00:00:00', '2026-05-20 00:00:00'),
(184, 'User', '182', 'user182@test.com', '$2b$10$WSTW/8cDMbNokSu89L4jlOhkIxrHnUitCT.beHYzdeRIgLeUDsueK', 1, 'female', NULL, '1992-02-14', NULL, '2026-05-20 00:00:00', '2026-05-20 00:00:00'),
(185, 'User', '183', 'user183@test.com', '$2b$10$WSTW/8cDMbNokSu89L4jlOhkIxrHnUitCT.beHYzdeRIgLeUDsueK', 1, 'male', NULL, '1993-03-15', NULL, '2026-05-20 00:00:00', '2026-05-20 00:00:00'),
(186, 'User', '184', 'user184@test.com', '$2b$10$WSTW/8cDMbNokSu89L4jlOhkIxrHnUitCT.beHYzdeRIgLeUDsueK', 1, 'female', NULL, '1994-04-16', NULL, '2026-05-20 00:00:00', '2026-05-20 00:00:00'),
(187, 'User', '185', 'user185@test.com', '$2b$10$WSTW/8cDMbNokSu89L4jlOhkIxrHnUitCT.beHYzdeRIgLeUDsueK', 1, 'male', NULL, '1995-05-17', NULL, '2026-05-20 00:00:00', '2026-05-20 00:00:00'),
(188, 'User', '186', 'user186@test.com', '$2b$10$WSTW/8cDMbNokSu89L4jlOhkIxrHnUitCT.beHYzdeRIgLeUDsueK', 1, 'female', NULL, '1996-06-18', NULL, '2026-05-20 00:00:00', '2026-05-20 00:00:00'),
(189, 'User', '187', 'user187@test.com', '$2b$10$WSTW/8cDMbNokSu89L4jlOhkIxrHnUitCT.beHYzdeRIgLeUDsueK', 1, 'male', NULL, '1997-07-19', NULL, '2026-05-20 00:00:00', '2026-05-20 00:00:00'),
(190, 'User', '188', 'user188@test.com', '$2b$10$WSTW/8cDMbNokSu89L4jlOhkIxrHnUitCT.beHYzdeRIgLeUDsueK', 1, 'female', NULL, '1998-08-20', NULL, '2026-05-20 00:00:00', '2026-05-20 00:00:00'),
(191, 'User', '189', 'user189@test.com', '$2b$10$WSTW/8cDMbNokSu89L4jlOhkIxrHnUitCT.beHYzdeRIgLeUDsueK', 1, 'male', NULL, '1999-09-21', NULL, '2026-05-20 00:00:00', '2026-05-20 00:00:00'),
(192, 'User', '190', 'user190@test.com', '$2b$10$WSTW/8cDMbNokSu89L4jlOhkIxrHnUitCT.beHYzdeRIgLeUDsueK', 1, 'female', NULL, '2000-10-22', NULL, '2026-05-20 00:00:00', '2026-05-20 00:00:00'),
(193, 'User', '191', 'user191@test.com', '$2b$10$WSTW/8cDMbNokSu89L4jlOhkIxrHnUitCT.beHYzdeRIgLeUDsueK', 1, 'male', NULL, '2001-11-23', NULL, '2026-05-20 00:00:00', '2026-05-20 00:00:00'),
(194, 'User', '192', 'user192@test.com', '$2b$10$WSTW/8cDMbNokSu89L4jlOhkIxrHnUitCT.beHYzdeRIgLeUDsueK', 1, 'female', NULL, '2002-12-24', NULL, '2026-05-20 00:00:00', '2026-05-20 00:00:00'),
(195, 'User', '193', 'user193@test.com', '$2b$10$WSTW/8cDMbNokSu89L4jlOhkIxrHnUitCT.beHYzdeRIgLeUDsueK', 1, 'male', NULL, '2003-01-25', NULL, '2026-05-20 00:00:00', '2026-05-20 00:00:00'),
(196, 'User', '194', 'user194@test.com', '$2b$10$WSTW/8cDMbNokSu89L4jlOhkIxrHnUitCT.beHYzdeRIgLeUDsueK', 1, 'female', NULL, '2004-02-26', NULL, '2026-05-20 00:00:00', '2026-05-20 00:00:00'),
(197, 'User', '195', 'user195@test.com', '$2b$10$WSTW/8cDMbNokSu89L4jlOhkIxrHnUitCT.beHYzdeRIgLeUDsueK', 1, 'male', NULL, '2005-03-27', NULL, '2026-05-20 00:00:00', '2026-05-20 00:00:00'),
(198, 'User', '196', 'user196@test.com', '$2b$10$WSTW/8cDMbNokSu89L4jlOhkIxrHnUitCT.beHYzdeRIgLeUDsueK', 1, 'female', NULL, '2006-04-28', NULL, '2026-05-20 00:00:00', '2026-05-20 00:00:00'),
(199, 'User', '197', 'user197@test.com', '$2b$10$WSTW/8cDMbNokSu89L4jlOhkIxrHnUitCT.beHYzdeRIgLeUDsueK', 1, 'male', NULL, '2007-05-01', NULL, '2026-05-20 00:00:00', '2026-05-20 00:00:00'),
(200, 'User', '198', 'user198@test.com', '$2b$10$WSTW/8cDMbNokSu89L4jlOhkIxrHnUitCT.beHYzdeRIgLeUDsueK', 1, 'female', NULL, '2008-06-02', NULL, '2026-05-20 00:00:00', '2026-05-20 00:00:00'),
(201, 'User', '199', 'user199@test.com', '$2b$10$WSTW/8cDMbNokSu89L4jlOhkIxrHnUitCT.beHYzdeRIgLeUDsueK', 1, 'male', NULL, '2009-07-03', NULL, '2026-05-20 00:00:00', '2026-05-20 00:00:00'),
(202, 'User', '200', 'user200@test.com', '$2b$10$WSTW/8cDMbNokSu89L4jlOhkIxrHnUitCT.beHYzdeRIgLeUDsueK', 1, 'female', NULL, '1990-08-04', NULL, '2026-05-20 00:00:00', '2026-05-20 00:00:00'),
(203, 'Referee', '1', 'referee1@test.com', '$2b$10$WSTW/8cDMbNokSu89L4jlOhkIxrHnUitCT.beHYzdeRIgLeUDsueK', 1, 'male', NULL, '1991-09-05', NULL, '2026-05-20 00:00:00', '2026-05-20 00:00:00'),
(204, 'Referee', '2', 'referee2@test.com', '$2b$10$WSTW/8cDMbNokSu89L4jlOhkIxrHnUitCT.beHYzdeRIgLeUDsueK', 1, 'female', NULL, '1992-10-06', NULL, '2026-05-20 00:00:00', '2026-05-20 00:00:00'),
(205, 'Referee', '3', 'referee3@test.com', '$2b$10$WSTW/8cDMbNokSu89L4jlOhkIxrHnUitCT.beHYzdeRIgLeUDsueK', 1, 'male', NULL, '1993-11-07', NULL, '2026-05-20 00:00:00', '2026-05-20 00:00:00'),
(206, 'Referee', '4', 'referee4@test.com', '$2b$10$WSTW/8cDMbNokSu89L4jlOhkIxrHnUitCT.beHYzdeRIgLeUDsueK', 1, 'female', NULL, '1994-12-08', NULL, '2026-05-20 00:00:00', '2026-05-20 00:00:00'),
(207, 'Referee', '5', 'referee5@test.com', '$2b$10$WSTW/8cDMbNokSu89L4jlOhkIxrHnUitCT.beHYzdeRIgLeUDsueK', 1, 'male', NULL, '1995-01-09', NULL, '2026-05-20 00:00:00', '2026-05-20 00:00:00'),
(208, 'Referee', '6', 'referee6@test.com', '$2b$10$WSTW/8cDMbNokSu89L4jlOhkIxrHnUitCT.beHYzdeRIgLeUDsueK', 1, 'female', NULL, '1996-02-10', NULL, '2026-05-20 00:00:00', '2026-05-20 00:00:00'),
(209, 'Referee', '7', 'referee7@test.com', '$2b$10$WSTW/8cDMbNokSu89L4jlOhkIxrHnUitCT.beHYzdeRIgLeUDsueK', 1, 'male', NULL, '1997-03-11', NULL, '2026-05-20 00:00:00', '2026-05-20 00:00:00'),
(210, 'Referee', '8', 'referee8@test.com', '$2b$10$WSTW/8cDMbNokSu89L4jlOhkIxrHnUitCT.beHYzdeRIgLeUDsueK', 1, 'female', NULL, '1998-04-12', NULL, '2026-05-20 00:00:00', '2026-05-20 00:00:00'),
(211, 'Referee', '9', 'referee9@test.com', '$2b$10$WSTW/8cDMbNokSu89L4jlOhkIxrHnUitCT.beHYzdeRIgLeUDsueK', 1, 'male', NULL, '1999-05-13', NULL, '2026-05-20 00:00:00', '2026-05-20 00:00:00'),
(212, 'Referee', '10', 'referee10@test.com', '$2b$10$WSTW/8cDMbNokSu89L4jlOhkIxrHnUitCT.beHYzdeRIgLeUDsueK', 1, 'female', NULL, '2000-06-14', NULL, '2026-05-20 00:00:00', '2026-05-20 00:00:00'),
(213, 'Referee', '11', 'referee11@test.com', '$2b$10$WSTW/8cDMbNokSu89L4jlOhkIxrHnUitCT.beHYzdeRIgLeUDsueK', 1, 'male', NULL, '2001-07-15', NULL, '2026-05-20 00:00:00', '2026-05-20 00:00:00'),
(214, 'Referee', '12', 'referee12@test.com', '$2b$10$WSTW/8cDMbNokSu89L4jlOhkIxrHnUitCT.beHYzdeRIgLeUDsueK', 1, 'female', NULL, '2002-08-16', NULL, '2026-05-20 00:00:00', '2026-05-20 00:00:00'),
(215, 'Referee', '13', 'referee13@test.com', '$2b$10$WSTW/8cDMbNokSu89L4jlOhkIxrHnUitCT.beHYzdeRIgLeUDsueK', 1, 'male', NULL, '2003-09-17', NULL, '2026-05-20 00:00:00', '2026-05-20 00:00:00'),
(216, 'Referee', '14', 'referee14@test.com', '$2b$10$WSTW/8cDMbNokSu89L4jlOhkIxrHnUitCT.beHYzdeRIgLeUDsueK', 1, 'female', NULL, '2004-10-18', NULL, '2026-05-20 00:00:00', '2026-05-20 00:00:00'),
(217, 'Referee', '15', 'referee15@test.com', '$2b$10$WSTW/8cDMbNokSu89L4jlOhkIxrHnUitCT.beHYzdeRIgLeUDsueK', 1, 'male', NULL, '2005-11-19', NULL, '2026-05-20 00:00:00', '2026-05-20 00:00:00'),
(218, 'Referee', '16', 'referee16@test.com', '$2b$10$WSTW/8cDMbNokSu89L4jlOhkIxrHnUitCT.beHYzdeRIgLeUDsueK', 1, 'female', NULL, '2006-12-20', NULL, '2026-05-20 00:00:00', '2026-05-20 00:00:00'),
(219, 'Referee', '17', 'referee17@test.com', '$2b$10$WSTW/8cDMbNokSu89L4jlOhkIxrHnUitCT.beHYzdeRIgLeUDsueK', 1, 'male', NULL, '2007-01-21', NULL, '2026-05-20 00:00:00', '2026-05-20 00:00:00'),
(220, 'Referee', '18', 'referee18@test.com', '$2b$10$WSTW/8cDMbNokSu89L4jlOhkIxrHnUitCT.beHYzdeRIgLeUDsueK', 1, 'female', NULL, '2008-02-22', NULL, '2026-05-20 00:00:00', '2026-05-20 00:00:00'),
(221, 'Referee', '19', 'referee19@test.com', '$2b$10$WSTW/8cDMbNokSu89L4jlOhkIxrHnUitCT.beHYzdeRIgLeUDsueK', 1, 'male', NULL, '2009-03-23', NULL, '2026-05-20 00:00:00', '2026-05-20 00:00:00'),
(222, 'Referee', '20', 'referee20@test.com', '$2b$10$WSTW/8cDMbNokSu89L4jlOhkIxrHnUitCT.beHYzdeRIgLeUDsueK', 1, 'female', NULL, '1990-04-24', NULL, '2026-05-20 00:00:00', '2026-05-20 00:00:00'),
(223, 'Referee', '21', 'referee21@test.com', '$2b$10$WSTW/8cDMbNokSu89L4jlOhkIxrHnUitCT.beHYzdeRIgLeUDsueK', 1, 'male', NULL, '1991-05-25', NULL, '2026-05-20 00:00:00', '2026-05-20 00:00:00'),
(224, 'Referee', '22', 'referee22@test.com', '$2b$10$WSTW/8cDMbNokSu89L4jlOhkIxrHnUitCT.beHYzdeRIgLeUDsueK', 1, 'female', NULL, '1992-06-26', NULL, '2026-05-20 00:00:00', '2026-05-20 00:00:00'),
(225, 'Referee', '23', 'referee23@test.com', '$2b$10$WSTW/8cDMbNokSu89L4jlOhkIxrHnUitCT.beHYzdeRIgLeUDsueK', 1, 'male', NULL, '1993-07-27', NULL, '2026-05-20 00:00:00', '2026-05-20 00:00:00'),
(226, 'Referee', '24', 'referee24@test.com', '$2b$10$WSTW/8cDMbNokSu89L4jlOhkIxrHnUitCT.beHYzdeRIgLeUDsueK', 1, 'female', NULL, '1994-08-28', NULL, '2026-05-20 00:00:00', '2026-05-20 00:00:00'),
(227, 'Referee', '25', 'referee25@test.com', '$2b$10$WSTW/8cDMbNokSu89L4jlOhkIxrHnUitCT.beHYzdeRIgLeUDsueK', 1, 'male', NULL, '1995-09-01', NULL, '2026-05-20 00:00:00', '2026-05-20 00:00:00'),
(228, 'Referee', '26', 'referee26@test.com', '$2b$10$WSTW/8cDMbNokSu89L4jlOhkIxrHnUitCT.beHYzdeRIgLeUDsueK', 1, 'female', NULL, '1996-10-02', NULL, '2026-05-20 00:00:00', '2026-05-20 00:00:00'),
(229, 'Referee', '27', 'referee27@test.com', '$2b$10$WSTW/8cDMbNokSu89L4jlOhkIxrHnUitCT.beHYzdeRIgLeUDsueK', 1, 'male', NULL, '1997-11-03', NULL, '2026-05-20 00:00:00', '2026-05-20 00:00:00'),
(230, 'Referee', '28', 'referee28@test.com', '$2b$10$WSTW/8cDMbNokSu89L4jlOhkIxrHnUitCT.beHYzdeRIgLeUDsueK', 1, 'female', NULL, '1998-12-04', NULL, '2026-05-20 00:00:00', '2026-05-20 00:00:00'),
(231, 'Referee', '29', 'referee29@test.com', '$2b$10$WSTW/8cDMbNokSu89L4jlOhkIxrHnUitCT.beHYzdeRIgLeUDsueK', 1, 'male', NULL, '1999-01-05', NULL, '2026-05-20 00:00:00', '2026-05-20 00:00:00'),
(232, 'Referee', '30', 'referee30@test.com', '$2b$10$WSTW/8cDMbNokSu89L4jlOhkIxrHnUitCT.beHYzdeRIgLeUDsueK', 1, 'female', NULL, '2000-02-06', NULL, '2026-05-20 00:00:00', '2026-05-20 00:00:00'),
(233, 'Referee', '31', 'referee31@test.com', '$2b$10$WSTW/8cDMbNokSu89L4jlOhkIxrHnUitCT.beHYzdeRIgLeUDsueK', 1, 'male', NULL, '2001-03-07', NULL, '2026-05-20 00:00:00', '2026-05-20 00:00:00'),
(234, 'Referee', '32', 'referee32@test.com', '$2b$10$WSTW/8cDMbNokSu89L4jlOhkIxrHnUitCT.beHYzdeRIgLeUDsueK', 1, 'female', NULL, '2002-04-08', NULL, '2026-05-20 00:00:00', '2026-05-20 00:00:00'),
(235, 'Referee', '33', 'referee33@test.com', '$2b$10$WSTW/8cDMbNokSu89L4jlOhkIxrHnUitCT.beHYzdeRIgLeUDsueK', 1, 'male', NULL, '2003-05-09', NULL, '2026-05-20 00:00:00', '2026-05-20 00:00:00'),
(236, 'Referee', '34', 'referee34@test.com', '$2b$10$WSTW/8cDMbNokSu89L4jlOhkIxrHnUitCT.beHYzdeRIgLeUDsueK', 1, 'female', NULL, '2004-06-10', NULL, '2026-05-20 00:00:00', '2026-05-20 00:00:00'),
(237, 'Referee', '35', 'referee35@test.com', '$2b$10$WSTW/8cDMbNokSu89L4jlOhkIxrHnUitCT.beHYzdeRIgLeUDsueK', 1, 'male', NULL, '2005-07-11', NULL, '2026-05-20 00:00:00', '2026-05-20 00:00:00'),
(238, 'Referee', '36', 'referee36@test.com', '$2b$10$WSTW/8cDMbNokSu89L4jlOhkIxrHnUitCT.beHYzdeRIgLeUDsueK', 1, 'female', NULL, '2006-08-12', NULL, '2026-05-20 00:00:00', '2026-05-20 00:00:00'),
(239, 'Referee', '37', 'referee37@test.com', '$2b$10$WSTW/8cDMbNokSu89L4jlOhkIxrHnUitCT.beHYzdeRIgLeUDsueK', 1, 'male', NULL, '2007-09-13', NULL, '2026-05-20 00:00:00', '2026-05-20 00:00:00'),
(240, 'Referee', '38', 'referee38@test.com', '$2b$10$WSTW/8cDMbNokSu89L4jlOhkIxrHnUitCT.beHYzdeRIgLeUDsueK', 1, 'female', NULL, '2008-10-14', NULL, '2026-05-20 00:00:00', '2026-05-20 00:00:00'),
(241, 'Referee', '39', 'referee39@test.com', '$2b$10$WSTW/8cDMbNokSu89L4jlOhkIxrHnUitCT.beHYzdeRIgLeUDsueK', 1, 'male', NULL, '2009-11-15', NULL, '2026-05-20 00:00:00', '2026-05-20 00:00:00'),
(242, 'Referee', '40', 'referee40@test.com', '$2b$10$WSTW/8cDMbNokSu89L4jlOhkIxrHnUitCT.beHYzdeRIgLeUDsueK', 1, 'female', NULL, '1990-12-16', NULL, '2026-05-20 00:00:00', '2026-05-20 00:00:00'),
(243, 'Referee', '41', 'referee41@test.com', '$2b$10$WSTW/8cDMbNokSu89L4jlOhkIxrHnUitCT.beHYzdeRIgLeUDsueK', 1, 'male', NULL, '1991-01-17', NULL, '2026-05-20 00:00:00', '2026-05-20 00:00:00'),
(244, 'Referee', '42', 'referee42@test.com', '$2b$10$WSTW/8cDMbNokSu89L4jlOhkIxrHnUitCT.beHYzdeRIgLeUDsueK', 1, 'female', NULL, '1992-02-18', NULL, '2026-05-20 00:00:00', '2026-05-20 00:00:00'),
(245, 'Referee', '43', 'referee43@test.com', '$2b$10$WSTW/8cDMbNokSu89L4jlOhkIxrHnUitCT.beHYzdeRIgLeUDsueK', 1, 'male', NULL, '1993-03-19', NULL, '2026-05-20 00:00:00', '2026-05-20 00:00:00'),
(246, 'Referee', '44', 'referee44@test.com', '$2b$10$WSTW/8cDMbNokSu89L4jlOhkIxrHnUitCT.beHYzdeRIgLeUDsueK', 1, 'female', NULL, '1994-04-20', NULL, '2026-05-20 00:00:00', '2026-05-20 00:00:00'),
(247, 'Referee', '45', 'referee45@test.com', '$2b$10$WSTW/8cDMbNokSu89L4jlOhkIxrHnUitCT.beHYzdeRIgLeUDsueK', 1, 'male', NULL, '1995-05-21', NULL, '2026-05-20 00:00:00', '2026-05-20 00:00:00'),
(248, 'Referee', '46', 'referee46@test.com', '$2b$10$WSTW/8cDMbNokSu89L4jlOhkIxrHnUitCT.beHYzdeRIgLeUDsueK', 1, 'female', NULL, '1996-06-22', NULL, '2026-05-20 00:00:00', '2026-05-20 00:00:00'),
(249, 'Referee', '47', 'referee47@test.com', '$2b$10$WSTW/8cDMbNokSu89L4jlOhkIxrHnUitCT.beHYzdeRIgLeUDsueK', 1, 'male', NULL, '1997-07-23', NULL, '2026-05-20 00:00:00', '2026-05-20 00:00:00'),
(250, 'Referee', '48', 'referee48@test.com', '$2b$10$WSTW/8cDMbNokSu89L4jlOhkIxrHnUitCT.beHYzdeRIgLeUDsueK', 1, 'female', NULL, '1998-08-24', NULL, '2026-05-20 00:00:00', '2026-05-20 00:00:00'),
(251, 'Referee', '49', 'referee49@test.com', '$2b$10$WSTW/8cDMbNokSu89L4jlOhkIxrHnUitCT.beHYzdeRIgLeUDsueK', 1, 'male', NULL, '1999-09-25', NULL, '2026-05-20 00:00:00', '2026-05-20 00:00:00'),
(252, 'Referee', '50', 'referee50@test.com', '$2b$10$WSTW/8cDMbNokSu89L4jlOhkIxrHnUitCT.beHYzdeRIgLeUDsueK', 1, 'female', NULL, '2000-10-26', NULL, '2026-05-20 00:00:00', '2026-05-20 00:00:00'),
(253, 'Referee', '51', 'referee51@test.com', '$2b$10$WSTW/8cDMbNokSu89L4jlOhkIxrHnUitCT.beHYzdeRIgLeUDsueK', 1, 'male', NULL, '2001-11-27', NULL, '2026-05-20 00:00:00', '2026-05-20 00:00:00'),
(254, 'Referee', '52', 'referee52@test.com', '$2b$10$WSTW/8cDMbNokSu89L4jlOhkIxrHnUitCT.beHYzdeRIgLeUDsueK', 1, 'female', NULL, '2002-12-28', NULL, '2026-05-20 00:00:00', '2026-05-20 00:00:00'),
(255, 'Referee', '53', 'referee53@test.com', '$2b$10$WSTW/8cDMbNokSu89L4jlOhkIxrHnUitCT.beHYzdeRIgLeUDsueK', 1, 'male', NULL, '2003-01-01', NULL, '2026-05-20 00:00:00', '2026-05-20 00:00:00'),
(256, 'Referee', '54', 'referee54@test.com', '$2b$10$WSTW/8cDMbNokSu89L4jlOhkIxrHnUitCT.beHYzdeRIgLeUDsueK', 1, 'female', NULL, '2004-02-02', NULL, '2026-05-20 00:00:00', '2026-05-20 00:00:00'),
(257, 'Referee', '55', 'referee55@test.com', '$2b$10$WSTW/8cDMbNokSu89L4jlOhkIxrHnUitCT.beHYzdeRIgLeUDsueK', 1, 'male', NULL, '2005-03-03', NULL, '2026-05-20 00:00:00', '2026-05-20 00:00:00'),
(258, 'Referee', '56', 'referee56@test.com', '$2b$10$WSTW/8cDMbNokSu89L4jlOhkIxrHnUitCT.beHYzdeRIgLeUDsueK', 1, 'female', NULL, '2006-04-04', NULL, '2026-05-20 00:00:00', '2026-05-20 00:00:00'),
(259, 'Referee', '57', 'referee57@test.com', '$2b$10$WSTW/8cDMbNokSu89L4jlOhkIxrHnUitCT.beHYzdeRIgLeUDsueK', 1, 'male', NULL, '2007-05-05', NULL, '2026-05-20 00:00:00', '2026-05-20 00:00:00'),
(260, 'Referee', '58', 'referee58@test.com', '$2b$10$WSTW/8cDMbNokSu89L4jlOhkIxrHnUitCT.beHYzdeRIgLeUDsueK', 1, 'female', NULL, '2008-06-06', NULL, '2026-05-20 00:00:00', '2026-05-20 00:00:00'),
(261, 'Referee', '59', 'referee59@test.com', '$2b$10$WSTW/8cDMbNokSu89L4jlOhkIxrHnUitCT.beHYzdeRIgLeUDsueK', 1, 'male', NULL, '2009-07-07', NULL, '2026-05-20 00:00:00', '2026-05-20 00:00:00'),
(262, 'Referee', '60', 'referee60@test.com', '$2b$10$WSTW/8cDMbNokSu89L4jlOhkIxrHnUitCT.beHYzdeRIgLeUDsueK', 1, 'female', NULL, '1990-08-08', NULL, '2026-05-20 00:00:00', '2026-05-20 00:00:00'),
(263, 'Referee', '61', 'referee61@test.com', '$2b$10$WSTW/8cDMbNokSu89L4jlOhkIxrHnUitCT.beHYzdeRIgLeUDsueK', 1, 'male', NULL, '1991-09-09', NULL, '2026-05-20 00:00:00', '2026-05-20 00:00:00'),
(264, 'Referee', '62', 'referee62@test.com', '$2b$10$WSTW/8cDMbNokSu89L4jlOhkIxrHnUitCT.beHYzdeRIgLeUDsueK', 1, 'female', NULL, '1992-10-10', NULL, '2026-05-20 00:00:00', '2026-05-20 00:00:00'),
(265, 'Referee', '63', 'referee63@test.com', '$2b$10$WSTW/8cDMbNokSu89L4jlOhkIxrHnUitCT.beHYzdeRIgLeUDsueK', 1, 'male', NULL, '1993-11-11', NULL, '2026-05-20 00:00:00', '2026-05-20 00:00:00'),
(266, 'Referee', '64', 'referee64@test.com', '$2b$10$WSTW/8cDMbNokSu89L4jlOhkIxrHnUitCT.beHYzdeRIgLeUDsueK', 1, 'female', NULL, '1994-12-12', NULL, '2026-05-20 00:00:00', '2026-05-20 00:00:00'),
(267, 'Referee', '65', 'referee65@test.com', '$2b$10$WSTW/8cDMbNokSu89L4jlOhkIxrHnUitCT.beHYzdeRIgLeUDsueK', 1, 'male', NULL, '1995-01-13', NULL, '2026-05-20 00:00:00', '2026-05-20 00:00:00'),
(268, 'Referee', '66', 'referee66@test.com', '$2b$10$WSTW/8cDMbNokSu89L4jlOhkIxrHnUitCT.beHYzdeRIgLeUDsueK', 1, 'female', NULL, '1996-02-14', NULL, '2026-05-20 00:00:00', '2026-05-20 00:00:00'),
(269, 'Referee', '67', 'referee67@test.com', '$2b$10$WSTW/8cDMbNokSu89L4jlOhkIxrHnUitCT.beHYzdeRIgLeUDsueK', 1, 'male', NULL, '1997-03-15', NULL, '2026-05-20 00:00:00', '2026-05-20 00:00:00'),
(270, 'Referee', '68', 'referee68@test.com', '$2b$10$WSTW/8cDMbNokSu89L4jlOhkIxrHnUitCT.beHYzdeRIgLeUDsueK', 1, 'female', NULL, '1998-04-16', NULL, '2026-05-20 00:00:00', '2026-05-20 00:00:00'),
(271, 'Referee', '69', 'referee69@test.com', '$2b$10$WSTW/8cDMbNokSu89L4jlOhkIxrHnUitCT.beHYzdeRIgLeUDsueK', 1, 'male', NULL, '1999-05-17', NULL, '2026-05-20 00:00:00', '2026-05-20 00:00:00'),
(272, 'Referee', '70', 'referee70@test.com', '$2b$10$WSTW/8cDMbNokSu89L4jlOhkIxrHnUitCT.beHYzdeRIgLeUDsueK', 1, 'female', NULL, '2000-06-18', NULL, '2026-05-20 00:00:00', '2026-05-20 00:00:00'),
(273, 'Referee', '71', 'referee71@test.com', '$2b$10$WSTW/8cDMbNokSu89L4jlOhkIxrHnUitCT.beHYzdeRIgLeUDsueK', 1, 'male', NULL, '2001-07-19', NULL, '2026-05-20 00:00:00', '2026-05-20 00:00:00'),
(274, 'Referee', '72', 'referee72@test.com', '$2b$10$WSTW/8cDMbNokSu89L4jlOhkIxrHnUitCT.beHYzdeRIgLeUDsueK', 1, 'female', NULL, '2002-08-20', NULL, '2026-05-20 00:00:00', '2026-05-20 00:00:00'),
(275, 'Referee', '73', 'referee73@test.com', '$2b$10$WSTW/8cDMbNokSu89L4jlOhkIxrHnUitCT.beHYzdeRIgLeUDsueK', 1, 'male', NULL, '2003-09-21', NULL, '2026-05-20 00:00:00', '2026-05-20 00:00:00'),
(276, 'Referee', '74', 'referee74@test.com', '$2b$10$WSTW/8cDMbNokSu89L4jlOhkIxrHnUitCT.beHYzdeRIgLeUDsueK', 1, 'female', NULL, '2004-10-22', NULL, '2026-05-20 00:00:00', '2026-05-20 00:00:00'),
(277, 'Referee', '75', 'referee75@test.com', '$2b$10$WSTW/8cDMbNokSu89L4jlOhkIxrHnUitCT.beHYzdeRIgLeUDsueK', 1, 'male', NULL, '2005-11-23', NULL, '2026-05-20 00:00:00', '2026-05-20 00:00:00'),
(278, 'Referee', '76', 'referee76@test.com', '$2b$10$WSTW/8cDMbNokSu89L4jlOhkIxrHnUitCT.beHYzdeRIgLeUDsueK', 1, 'female', NULL, '2006-12-24', NULL, '2026-05-20 00:00:00', '2026-05-20 00:00:00'),
(279, 'Referee', '77', 'referee77@test.com', '$2b$10$WSTW/8cDMbNokSu89L4jlOhkIxrHnUitCT.beHYzdeRIgLeUDsueK', 1, 'male', NULL, '2007-01-25', NULL, '2026-05-20 00:00:00', '2026-05-20 00:00:00'),
(280, 'Referee', '78', 'referee78@test.com', '$2b$10$WSTW/8cDMbNokSu89L4jlOhkIxrHnUitCT.beHYzdeRIgLeUDsueK', 1, 'female', NULL, '2008-02-26', NULL, '2026-05-20 00:00:00', '2026-05-20 00:00:00'),
(281, 'Referee', '79', 'referee79@test.com', '$2b$10$WSTW/8cDMbNokSu89L4jlOhkIxrHnUitCT.beHYzdeRIgLeUDsueK', 1, 'male', NULL, '2009-03-27', NULL, '2026-05-20 00:00:00', '2026-05-20 00:00:00'),
(282, 'Referee', '80', 'referee80@test.com', '$2b$10$WSTW/8cDMbNokSu89L4jlOhkIxrHnUitCT.beHYzdeRIgLeUDsueK', 1, 'female', NULL, '1990-04-28', NULL, '2026-05-20 00:00:00', '2026-05-20 00:00:00'),
(283, 'Referee', '81', 'referee81@test.com', '$2b$10$WSTW/8cDMbNokSu89L4jlOhkIxrHnUitCT.beHYzdeRIgLeUDsueK', 1, 'male', NULL, '1991-05-01', NULL, '2026-05-20 00:00:00', '2026-05-20 00:00:00'),
(284, 'Referee', '82', 'referee82@test.com', '$2b$10$WSTW/8cDMbNokSu89L4jlOhkIxrHnUitCT.beHYzdeRIgLeUDsueK', 1, 'female', NULL, '1992-06-02', NULL, '2026-05-20 00:00:00', '2026-05-20 00:00:00'),
(285, 'Referee', '83', 'referee83@test.com', '$2b$10$WSTW/8cDMbNokSu89L4jlOhkIxrHnUitCT.beHYzdeRIgLeUDsueK', 1, 'male', NULL, '1993-07-03', NULL, '2026-05-20 00:00:00', '2026-05-20 00:00:00'),
(286, 'Referee', '84', 'referee84@test.com', '$2b$10$WSTW/8cDMbNokSu89L4jlOhkIxrHnUitCT.beHYzdeRIgLeUDsueK', 1, 'female', NULL, '1994-08-04', NULL, '2026-05-20 00:00:00', '2026-05-20 00:00:00'),
(287, 'Referee', '85', 'referee85@test.com', '$2b$10$WSTW/8cDMbNokSu89L4jlOhkIxrHnUitCT.beHYzdeRIgLeUDsueK', 1, 'male', NULL, '1995-09-05', NULL, '2026-05-20 00:00:00', '2026-05-20 00:00:00'),
(288, 'Referee', '86', 'referee86@test.com', '$2b$10$WSTW/8cDMbNokSu89L4jlOhkIxrHnUitCT.beHYzdeRIgLeUDsueK', 1, 'female', NULL, '1996-10-06', NULL, '2026-05-20 00:00:00', '2026-05-20 00:00:00'),
(289, 'Referee', '87', 'referee87@test.com', '$2b$10$WSTW/8cDMbNokSu89L4jlOhkIxrHnUitCT.beHYzdeRIgLeUDsueK', 1, 'male', NULL, '1997-11-07', NULL, '2026-05-20 00:00:00', '2026-05-20 00:00:00'),
(290, 'Referee', '88', 'referee88@test.com', '$2b$10$WSTW/8cDMbNokSu89L4jlOhkIxrHnUitCT.beHYzdeRIgLeUDsueK', 1, 'female', NULL, '1998-12-08', NULL, '2026-05-20 00:00:00', '2026-05-20 00:00:00'),
(291, 'Referee', '89', 'referee89@test.com', '$2b$10$WSTW/8cDMbNokSu89L4jlOhkIxrHnUitCT.beHYzdeRIgLeUDsueK', 1, 'male', NULL, '1999-01-09', NULL, '2026-05-20 00:00:00', '2026-05-20 00:00:00'),
(292, 'Referee', '90', 'referee90@test.com', '$2b$10$WSTW/8cDMbNokSu89L4jlOhkIxrHnUitCT.beHYzdeRIgLeUDsueK', 1, 'female', NULL, '2000-02-10', NULL, '2026-05-20 00:00:00', '2026-05-20 00:00:00'),
(293, 'Referee', '91', 'referee91@test.com', '$2b$10$WSTW/8cDMbNokSu89L4jlOhkIxrHnUitCT.beHYzdeRIgLeUDsueK', 1, 'male', NULL, '2001-03-11', NULL, '2026-05-20 00:00:00', '2026-05-20 00:00:00'),
(294, 'Referee', '92', 'referee92@test.com', '$2b$10$WSTW/8cDMbNokSu89L4jlOhkIxrHnUitCT.beHYzdeRIgLeUDsueK', 1, 'female', NULL, '2002-04-12', NULL, '2026-05-20 00:00:00', '2026-05-20 00:00:00'),
(295, 'Referee', '93', 'referee93@test.com', '$2b$10$WSTW/8cDMbNokSu89L4jlOhkIxrHnUitCT.beHYzdeRIgLeUDsueK', 1, 'male', NULL, '2003-05-13', NULL, '2026-05-20 00:00:00', '2026-05-20 00:00:00'),
(296, 'Referee', '94', 'referee94@test.com', '$2b$10$WSTW/8cDMbNokSu89L4jlOhkIxrHnUitCT.beHYzdeRIgLeUDsueK', 1, 'female', NULL, '2004-06-14', NULL, '2026-05-20 00:00:00', '2026-05-20 00:00:00'),
(297, 'Referee', '95', 'referee95@test.com', '$2b$10$WSTW/8cDMbNokSu89L4jlOhkIxrHnUitCT.beHYzdeRIgLeUDsueK', 1, 'male', NULL, '2005-07-15', NULL, '2026-05-20 00:00:00', '2026-05-20 00:00:00'),
(298, 'Referee', '96', 'referee96@test.com', '$2b$10$WSTW/8cDMbNokSu89L4jlOhkIxrHnUitCT.beHYzdeRIgLeUDsueK', 1, 'female', NULL, '2006-08-16', NULL, '2026-05-20 00:00:00', '2026-05-20 00:00:00'),
(299, 'Referee', '97', 'referee97@test.com', '$2b$10$WSTW/8cDMbNokSu89L4jlOhkIxrHnUitCT.beHYzdeRIgLeUDsueK', 1, 'male', NULL, '2007-09-17', NULL, '2026-05-20 00:00:00', '2026-05-20 00:00:00'),
(300, 'Referee', '98', 'referee98@test.com', '$2b$10$WSTW/8cDMbNokSu89L4jlOhkIxrHnUitCT.beHYzdeRIgLeUDsueK', 1, 'female', NULL, '2008-10-18', NULL, '2026-05-20 00:00:00', '2026-05-20 00:00:00'),
(301, 'Referee', '99', 'referee99@test.com', '$2b$10$WSTW/8cDMbNokSu89L4jlOhkIxrHnUitCT.beHYzdeRIgLeUDsueK', 1, 'male', NULL, '2009-11-19', NULL, '2026-05-20 00:00:00', '2026-05-20 00:00:00'),
(302, 'Referee', '100', 'referee100@test.com', '$2b$10$WSTW/8cDMbNokSu89L4jlOhkIxrHnUitCT.beHYzdeRIgLeUDsueK', 1, 'female', NULL, '1990-12-20', NULL, '2026-05-20 00:00:00', '2026-05-20 00:00:00'),
(303, 'Referee', '101', 'referee101@test.com', '$2b$10$WSTW/8cDMbNokSu89L4jlOhkIxrHnUitCT.beHYzdeRIgLeUDsueK', 1, 'male', NULL, '1991-01-21', NULL, '2026-05-20 00:00:00', '2026-05-20 00:00:00'),
(304, 'Referee', '102', 'referee102@test.com', '$2b$10$WSTW/8cDMbNokSu89L4jlOhkIxrHnUitCT.beHYzdeRIgLeUDsueK', 1, 'female', NULL, '1992-02-22', NULL, '2026-05-20 00:00:00', '2026-05-20 00:00:00'),
(305, 'Referee', '103', 'referee103@test.com', '$2b$10$WSTW/8cDMbNokSu89L4jlOhkIxrHnUitCT.beHYzdeRIgLeUDsueK', 1, 'male', NULL, '1993-03-23', NULL, '2026-05-20 00:00:00', '2026-05-20 00:00:00'),
(306, 'Referee', '104', 'referee104@test.com', '$2b$10$WSTW/8cDMbNokSu89L4jlOhkIxrHnUitCT.beHYzdeRIgLeUDsueK', 1, 'female', NULL, '1994-04-24', NULL, '2026-05-20 00:00:00', '2026-05-20 00:00:00'),
(307, 'Referee', '105', 'referee105@test.com', '$2b$10$WSTW/8cDMbNokSu89L4jlOhkIxrHnUitCT.beHYzdeRIgLeUDsueK', 1, 'male', NULL, '1995-05-25', NULL, '2026-05-20 00:00:00', '2026-05-20 00:00:00'),
(308, 'Referee', '106', 'referee106@test.com', '$2b$10$WSTW/8cDMbNokSu89L4jlOhkIxrHnUitCT.beHYzdeRIgLeUDsueK', 1, 'female', NULL, '1996-06-26', NULL, '2026-05-20 00:00:00', '2026-05-20 00:00:00'),
(309, 'Referee', '107', 'referee107@test.com', '$2b$10$WSTW/8cDMbNokSu89L4jlOhkIxrHnUitCT.beHYzdeRIgLeUDsueK', 1, 'male', NULL, '1997-07-27', NULL, '2026-05-20 00:00:00', '2026-05-20 00:00:00'),
(310, 'Referee', '108', 'referee108@test.com', '$2b$10$WSTW/8cDMbNokSu89L4jlOhkIxrHnUitCT.beHYzdeRIgLeUDsueK', 1, 'female', NULL, '1998-08-28', NULL, '2026-05-20 00:00:00', '2026-05-20 00:00:00'),
(311, 'Referee', '109', 'referee109@test.com', '$2b$10$WSTW/8cDMbNokSu89L4jlOhkIxrHnUitCT.beHYzdeRIgLeUDsueK', 1, 'male', NULL, '1999-09-01', NULL, '2026-05-20 00:00:00', '2026-05-20 00:00:00'),
(312, 'Referee', '110', 'referee110@test.com', '$2b$10$WSTW/8cDMbNokSu89L4jlOhkIxrHnUitCT.beHYzdeRIgLeUDsueK', 1, 'female', NULL, '2000-10-02', NULL, '2026-05-20 00:00:00', '2026-05-20 00:00:00'),
(313, 'Referee', '111', 'referee111@test.com', '$2b$10$WSTW/8cDMbNokSu89L4jlOhkIxrHnUitCT.beHYzdeRIgLeUDsueK', 1, 'male', NULL, '2001-11-03', NULL, '2026-05-20 00:00:00', '2026-05-20 00:00:00'),
(314, 'Referee', '112', 'referee112@test.com', '$2b$10$WSTW/8cDMbNokSu89L4jlOhkIxrHnUitCT.beHYzdeRIgLeUDsueK', 1, 'female', NULL, '2002-12-04', NULL, '2026-05-20 00:00:00', '2026-05-20 00:00:00'),
(315, 'Referee', '113', 'referee113@test.com', '$2b$10$WSTW/8cDMbNokSu89L4jlOhkIxrHnUitCT.beHYzdeRIgLeUDsueK', 1, 'male', NULL, '2003-01-05', NULL, '2026-05-20 00:00:00', '2026-05-20 00:00:00'),
(316, 'Referee', '114', 'referee114@test.com', '$2b$10$WSTW/8cDMbNokSu89L4jlOhkIxrHnUitCT.beHYzdeRIgLeUDsueK', 1, 'female', NULL, '2004-02-06', NULL, '2026-05-20 00:00:00', '2026-05-20 00:00:00'),
(317, 'Referee', '115', 'referee115@test.com', '$2b$10$WSTW/8cDMbNokSu89L4jlOhkIxrHnUitCT.beHYzdeRIgLeUDsueK', 1, 'male', NULL, '2005-03-07', NULL, '2026-05-20 00:00:00', '2026-05-20 00:00:00'),
(318, 'Referee', '116', 'referee116@test.com', '$2b$10$WSTW/8cDMbNokSu89L4jlOhkIxrHnUitCT.beHYzdeRIgLeUDsueK', 1, 'female', NULL, '2006-04-08', NULL, '2026-05-20 00:00:00', '2026-05-20 00:00:00'),
(319, 'Referee', '117', 'referee117@test.com', '$2b$10$WSTW/8cDMbNokSu89L4jlOhkIxrHnUitCT.beHYzdeRIgLeUDsueK', 1, 'male', NULL, '2007-05-09', NULL, '2026-05-20 00:00:00', '2026-05-20 00:00:00'),
(320, 'Referee', '118', 'referee118@test.com', '$2b$10$WSTW/8cDMbNokSu89L4jlOhkIxrHnUitCT.beHYzdeRIgLeUDsueK', 1, 'female', NULL, '2008-06-10', NULL, '2026-05-20 00:00:00', '2026-05-20 00:00:00'),
(321, 'Referee', '119', 'referee119@test.com', '$2b$10$WSTW/8cDMbNokSu89L4jlOhkIxrHnUitCT.beHYzdeRIgLeUDsueK', 1, 'male', NULL, '2009-07-11', NULL, '2026-05-20 00:00:00', '2026-05-20 00:00:00'),
(322, 'Referee', '120', 'referee120@test.com', '$2b$10$WSTW/8cDMbNokSu89L4jlOhkIxrHnUitCT.beHYzdeRIgLeUDsueK', 1, 'female', NULL, '1990-08-12', NULL, '2026-05-20 00:00:00', '2026-05-20 00:00:00'),
(323, 'Referee', '121', 'referee121@test.com', '$2b$10$WSTW/8cDMbNokSu89L4jlOhkIxrHnUitCT.beHYzdeRIgLeUDsueK', 1, 'male', NULL, '1991-09-13', NULL, '2026-05-20 00:00:00', '2026-05-20 00:00:00'),
(324, 'Referee', '122', 'referee122@test.com', '$2b$10$WSTW/8cDMbNokSu89L4jlOhkIxrHnUitCT.beHYzdeRIgLeUDsueK', 1, 'female', NULL, '1992-10-14', NULL, '2026-05-20 00:00:00', '2026-05-20 00:00:00'),
(325, 'Referee', '123', 'referee123@test.com', '$2b$10$WSTW/8cDMbNokSu89L4jlOhkIxrHnUitCT.beHYzdeRIgLeUDsueK', 1, 'male', NULL, '1993-11-15', NULL, '2026-05-20 00:00:00', '2026-05-20 00:00:00'),
(326, 'Referee', '124', 'referee124@test.com', '$2b$10$WSTW/8cDMbNokSu89L4jlOhkIxrHnUitCT.beHYzdeRIgLeUDsueK', 1, 'female', NULL, '1994-12-16', NULL, '2026-05-20 00:00:00', '2026-05-20 00:00:00'),
(327, 'Referee', '125', 'referee125@test.com', '$2b$10$WSTW/8cDMbNokSu89L4jlOhkIxrHnUitCT.beHYzdeRIgLeUDsueK', 1, 'male', NULL, '1995-01-17', NULL, '2026-05-20 00:00:00', '2026-05-20 00:00:00'),
(328, 'Referee', '126', 'referee126@test.com', '$2b$10$WSTW/8cDMbNokSu89L4jlOhkIxrHnUitCT.beHYzdeRIgLeUDsueK', 1, 'female', NULL, '1996-02-18', NULL, '2026-05-20 00:00:00', '2026-05-20 00:00:00'),
(329, 'Referee', '127', 'referee127@test.com', '$2b$10$WSTW/8cDMbNokSu89L4jlOhkIxrHnUitCT.beHYzdeRIgLeUDsueK', 1, 'male', NULL, '1997-03-19', NULL, '2026-05-20 00:00:00', '2026-05-20 00:00:00'),
(330, 'Referee', '128', 'referee128@test.com', '$2b$10$WSTW/8cDMbNokSu89L4jlOhkIxrHnUitCT.beHYzdeRIgLeUDsueK', 1, 'female', NULL, '1998-04-20', NULL, '2026-05-20 00:00:00', '2026-05-20 00:00:00'),
(331, 'Referee', '129', 'referee129@test.com', '$2b$10$WSTW/8cDMbNokSu89L4jlOhkIxrHnUitCT.beHYzdeRIgLeUDsueK', 1, 'male', NULL, '1999-05-21', NULL, '2026-05-20 00:00:00', '2026-05-20 00:00:00'),
(332, 'Referee', '130', 'referee130@test.com', '$2b$10$WSTW/8cDMbNokSu89L4jlOhkIxrHnUitCT.beHYzdeRIgLeUDsueK', 1, 'female', NULL, '2000-06-22', NULL, '2026-05-20 00:00:00', '2026-05-20 00:00:00'),
(333, 'Referee', '131', 'referee131@test.com', '$2b$10$WSTW/8cDMbNokSu89L4jlOhkIxrHnUitCT.beHYzdeRIgLeUDsueK', 1, 'male', NULL, '2001-07-23', NULL, '2026-05-20 00:00:00', '2026-05-20 00:00:00'),
(334, 'Referee', '132', 'referee132@test.com', '$2b$10$WSTW/8cDMbNokSu89L4jlOhkIxrHnUitCT.beHYzdeRIgLeUDsueK', 1, 'female', NULL, '2002-08-24', NULL, '2026-05-20 00:00:00', '2026-05-20 00:00:00'),
(335, 'Referee', '133', 'referee133@test.com', '$2b$10$WSTW/8cDMbNokSu89L4jlOhkIxrHnUitCT.beHYzdeRIgLeUDsueK', 1, 'male', NULL, '2003-09-25', NULL, '2026-05-20 00:00:00', '2026-05-20 00:00:00'),
(336, 'Referee', '134', 'referee134@test.com', '$2b$10$WSTW/8cDMbNokSu89L4jlOhkIxrHnUitCT.beHYzdeRIgLeUDsueK', 1, 'female', NULL, '2004-10-26', NULL, '2026-05-20 00:00:00', '2026-05-20 00:00:00'),
(337, 'Referee', '135', 'referee135@test.com', '$2b$10$WSTW/8cDMbNokSu89L4jlOhkIxrHnUitCT.beHYzdeRIgLeUDsueK', 1, 'male', NULL, '2005-11-27', NULL, '2026-05-20 00:00:00', '2026-05-20 00:00:00'),
(338, 'Referee', '136', 'referee136@test.com', '$2b$10$WSTW/8cDMbNokSu89L4jlOhkIxrHnUitCT.beHYzdeRIgLeUDsueK', 1, 'female', NULL, '2006-12-28', NULL, '2026-05-20 00:00:00', '2026-05-20 00:00:00'),
(339, 'Referee', '137', 'referee137@test.com', '$2b$10$WSTW/8cDMbNokSu89L4jlOhkIxrHnUitCT.beHYzdeRIgLeUDsueK', 1, 'male', NULL, '2007-01-01', NULL, '2026-05-20 00:00:00', '2026-05-20 00:00:00'),
(340, 'Referee', '138', 'referee138@test.com', '$2b$10$WSTW/8cDMbNokSu89L4jlOhkIxrHnUitCT.beHYzdeRIgLeUDsueK', 1, 'female', NULL, '2008-02-02', NULL, '2026-05-20 00:00:00', '2026-05-20 00:00:00'),
(341, 'Referee', '139', 'referee139@test.com', '$2b$10$WSTW/8cDMbNokSu89L4jlOhkIxrHnUitCT.beHYzdeRIgLeUDsueK', 1, 'male', NULL, '2009-03-03', NULL, '2026-05-20 00:00:00', '2026-05-20 00:00:00'),
(342, 'Referee', '140', 'referee140@test.com', '$2b$10$WSTW/8cDMbNokSu89L4jlOhkIxrHnUitCT.beHYzdeRIgLeUDsueK', 1, 'female', NULL, '1990-04-04', NULL, '2026-05-20 00:00:00', '2026-05-20 00:00:00'),
(343, 'Referee', '141', 'referee141@test.com', '$2b$10$WSTW/8cDMbNokSu89L4jlOhkIxrHnUitCT.beHYzdeRIgLeUDsueK', 1, 'male', NULL, '1991-05-05', NULL, '2026-05-20 00:00:00', '2026-05-20 00:00:00'),
(344, 'Referee', '142', 'referee142@test.com', '$2b$10$WSTW/8cDMbNokSu89L4jlOhkIxrHnUitCT.beHYzdeRIgLeUDsueK', 1, 'female', NULL, '1992-06-06', NULL, '2026-05-20 00:00:00', '2026-05-20 00:00:00'),
(345, 'Referee', '143', 'referee143@test.com', '$2b$10$WSTW/8cDMbNokSu89L4jlOhkIxrHnUitCT.beHYzdeRIgLeUDsueK', 1, 'male', NULL, '1993-07-07', NULL, '2026-05-20 00:00:00', '2026-05-20 00:00:00'),
(346, 'Referee', '144', 'referee144@test.com', '$2b$10$WSTW/8cDMbNokSu89L4jlOhkIxrHnUitCT.beHYzdeRIgLeUDsueK', 1, 'female', NULL, '1994-08-08', NULL, '2026-05-20 00:00:00', '2026-05-20 00:00:00'),
(347, 'Referee', '145', 'referee145@test.com', '$2b$10$WSTW/8cDMbNokSu89L4jlOhkIxrHnUitCT.beHYzdeRIgLeUDsueK', 1, 'male', NULL, '1995-09-09', NULL, '2026-05-20 00:00:00', '2026-05-20 00:00:00'),
(348, 'Referee', '146', 'referee146@test.com', '$2b$10$WSTW/8cDMbNokSu89L4jlOhkIxrHnUitCT.beHYzdeRIgLeUDsueK', 1, 'female', NULL, '1996-10-10', NULL, '2026-05-20 00:00:00', '2026-05-20 00:00:00'),
(349, 'Referee', '147', 'referee147@test.com', '$2b$10$WSTW/8cDMbNokSu89L4jlOhkIxrHnUitCT.beHYzdeRIgLeUDsueK', 1, 'male', NULL, '1997-11-11', NULL, '2026-05-20 00:00:00', '2026-05-20 00:00:00'),
(350, 'Referee', '148', 'referee148@test.com', '$2b$10$WSTW/8cDMbNokSu89L4jlOhkIxrHnUitCT.beHYzdeRIgLeUDsueK', 1, 'female', NULL, '1998-12-12', NULL, '2026-05-20 00:00:00', '2026-05-20 00:00:00'),
(351, 'Referee', '149', 'referee149@test.com', '$2b$10$WSTW/8cDMbNokSu89L4jlOhkIxrHnUitCT.beHYzdeRIgLeUDsueK', 1, 'male', NULL, '1999-01-13', NULL, '2026-05-20 00:00:00', '2026-05-20 00:00:00'),
(352, 'Referee', '150', 'referee150@test.com', '$2b$10$WSTW/8cDMbNokSu89L4jlOhkIxrHnUitCT.beHYzdeRIgLeUDsueK', 1, 'female', NULL, '2000-02-14', NULL, '2026-05-20 00:00:00', '2026-05-20 00:00:00'),
(353, 'Chief Referee', '1', 'chief_referee1@test.com', '$2b$10$WSTW/8cDMbNokSu89L4jlOhkIxrHnUitCT.beHYzdeRIgLeUDsueK', 1, 'male', NULL, '2001-03-15', NULL, '2026-05-20 00:00:00', '2026-05-20 00:00:00'),
(354, 'Chief Referee', '2', 'chief_referee2@test.com', '$2b$10$WSTW/8cDMbNokSu89L4jlOhkIxrHnUitCT.beHYzdeRIgLeUDsueK', 1, 'female', NULL, '2002-04-16', NULL, '2026-05-20 00:00:00', '2026-05-20 00:00:00'),
(355, 'Chief Referee', '3', 'chief_referee3@test.com', '$2b$10$WSTW/8cDMbNokSu89L4jlOhkIxrHnUitCT.beHYzdeRIgLeUDsueK', 1, 'male', NULL, '2003-05-17', NULL, '2026-05-20 00:00:00', '2026-05-20 00:00:00'),
(356, 'Chief Referee', '4', 'chief_referee4@test.com', '$2b$10$WSTW/8cDMbNokSu89L4jlOhkIxrHnUitCT.beHYzdeRIgLeUDsueK', 1, 'female', NULL, '2004-06-18', NULL, '2026-05-20 00:00:00', '2026-05-20 00:00:00'),
(357, 'Chief Referee', '5', 'chief_referee5@test.com', '$2b$10$WSTW/8cDMbNokSu89L4jlOhkIxrHnUitCT.beHYzdeRIgLeUDsueK', 1, 'male', NULL, '2005-07-19', NULL, '2026-05-20 00:00:00', '2026-05-20 00:00:00'),
(358, 'Chief Referee', '6', 'chief_referee6@test.com', '$2b$10$WSTW/8cDMbNokSu89L4jlOhkIxrHnUitCT.beHYzdeRIgLeUDsueK', 1, 'female', NULL, '2006-08-20', NULL, '2026-05-20 00:00:00', '2026-05-20 00:00:00'),
(359, 'Chief Referee', '7', 'chief_referee7@test.com', '$2b$10$WSTW/8cDMbNokSu89L4jlOhkIxrHnUitCT.beHYzdeRIgLeUDsueK', 1, 'male', NULL, '2007-09-21', NULL, '2026-05-20 00:00:00', '2026-05-20 00:00:00'),
(360, 'Chief Referee', '8', 'chief_referee8@test.com', '$2b$10$WSTW/8cDMbNokSu89L4jlOhkIxrHnUitCT.beHYzdeRIgLeUDsueK', 1, 'female', NULL, '2008-10-22', NULL, '2026-05-20 00:00:00', '2026-05-20 00:00:00'),
(361, 'Chief Referee', '9', 'chief_referee9@test.com', '$2b$10$WSTW/8cDMbNokSu89L4jlOhkIxrHnUitCT.beHYzdeRIgLeUDsueK', 1, 'male', NULL, '2009-11-23', NULL, '2026-05-20 00:00:00', '2026-05-20 00:00:00'),
(362, 'Chief Referee', '10', 'chief_referee10@test.com', '$2b$10$WSTW/8cDMbNokSu89L4jlOhkIxrHnUitCT.beHYzdeRIgLeUDsueK', 1, 'female', NULL, '1990-12-24', NULL, '2026-05-20 00:00:00', '2026-05-20 00:00:00'),
(363, 'Chief Referee', '11', 'chief_referee11@test.com', '$2b$10$WSTW/8cDMbNokSu89L4jlOhkIxrHnUitCT.beHYzdeRIgLeUDsueK', 1, 'male', NULL, '1991-01-25', NULL, '2026-05-20 00:00:00', '2026-05-20 00:00:00'),
(364, 'Chief Referee', '12', 'chief_referee12@test.com', '$2b$10$WSTW/8cDMbNokSu89L4jlOhkIxrHnUitCT.beHYzdeRIgLeUDsueK', 1, 'female', NULL, '1992-02-26', NULL, '2026-05-20 00:00:00', '2026-05-20 00:00:00'),
(365, 'Chief Referee', '13', 'chief_referee13@test.com', '$2b$10$WSTW/8cDMbNokSu89L4jlOhkIxrHnUitCT.beHYzdeRIgLeUDsueK', 1, 'male', NULL, '1993-03-27', NULL, '2026-05-20 00:00:00', '2026-05-20 00:00:00'),
(366, 'Chief Referee', '14', 'chief_referee14@test.com', '$2b$10$WSTW/8cDMbNokSu89L4jlOhkIxrHnUitCT.beHYzdeRIgLeUDsueK', 1, 'female', NULL, '1994-04-28', NULL, '2026-05-20 00:00:00', '2026-05-20 00:00:00'),
(367, 'Chief Referee', '15', 'chief_referee15@test.com', '$2b$10$WSTW/8cDMbNokSu89L4jlOhkIxrHnUitCT.beHYzdeRIgLeUDsueK', 1, 'male', NULL, '1995-05-01', NULL, '2026-05-20 00:00:00', '2026-05-20 00:00:00'),
(368, 'Chief Referee', '16', 'chief_referee16@test.com', '$2b$10$WSTW/8cDMbNokSu89L4jlOhkIxrHnUitCT.beHYzdeRIgLeUDsueK', 1, 'female', NULL, '1996-06-02', NULL, '2026-05-20 00:00:00', '2026-05-20 00:00:00'),
(369, 'Chief Referee', '17', 'chief_referee17@test.com', '$2b$10$WSTW/8cDMbNokSu89L4jlOhkIxrHnUitCT.beHYzdeRIgLeUDsueK', 1, 'male', NULL, '1997-07-03', NULL, '2026-05-20 00:00:00', '2026-05-20 00:00:00'),
(370, 'Chief Referee', '18', 'chief_referee18@test.com', '$2b$10$WSTW/8cDMbNokSu89L4jlOhkIxrHnUitCT.beHYzdeRIgLeUDsueK', 1, 'female', NULL, '1998-08-04', NULL, '2026-05-20 00:00:00', '2026-05-20 00:00:00'),
(371, 'Chief Referee', '19', 'chief_referee19@test.com', '$2b$10$WSTW/8cDMbNokSu89L4jlOhkIxrHnUitCT.beHYzdeRIgLeUDsueK', 1, 'male', NULL, '1999-09-05', NULL, '2026-05-20 00:00:00', '2026-05-20 00:00:00'),
(372, 'Chief Referee', '20', 'chief_referee20@test.com', '$2b$10$WSTW/8cDMbNokSu89L4jlOhkIxrHnUitCT.beHYzdeRIgLeUDsueK', 1, 'female', NULL, '2000-10-06', NULL, '2026-05-20 00:00:00', '2026-05-20 00:00:00'),
(373, 'Chief Referee', '21', 'chief_referee21@test.com', '$2b$10$WSTW/8cDMbNokSu89L4jlOhkIxrHnUitCT.beHYzdeRIgLeUDsueK', 1, 'male', NULL, '2001-11-07', NULL, '2026-05-20 00:00:00', '2026-05-20 00:00:00'),
(374, 'Chief Referee', '22', 'chief_referee22@test.com', '$2b$10$WSTW/8cDMbNokSu89L4jlOhkIxrHnUitCT.beHYzdeRIgLeUDsueK', 1, 'female', NULL, '2002-12-08', NULL, '2026-05-20 00:00:00', '2026-05-20 00:00:00'),
(375, 'Chief Referee', '23', 'chief_referee23@test.com', '$2b$10$WSTW/8cDMbNokSu89L4jlOhkIxrHnUitCT.beHYzdeRIgLeUDsueK', 1, 'male', NULL, '2003-01-09', NULL, '2026-05-20 00:00:00', '2026-05-20 00:00:00'),
(376, 'Chief Referee', '24', 'chief_referee24@test.com', '$2b$10$WSTW/8cDMbNokSu89L4jlOhkIxrHnUitCT.beHYzdeRIgLeUDsueK', 1, 'female', NULL, '2004-02-10', NULL, '2026-05-20 00:00:00', '2026-05-20 00:00:00'),
(377, 'Chief Referee', '25', 'chief_referee25@test.com', '$2b$10$WSTW/8cDMbNokSu89L4jlOhkIxrHnUitCT.beHYzdeRIgLeUDsueK', 1, 'male', NULL, '2005-03-11', NULL, '2026-05-20 00:00:00', '2026-05-20 00:00:00'),
(378, 'Chief Referee', '26', 'chief_referee26@test.com', '$2b$10$WSTW/8cDMbNokSu89L4jlOhkIxrHnUitCT.beHYzdeRIgLeUDsueK', 1, 'female', NULL, '2006-04-12', NULL, '2026-05-20 00:00:00', '2026-05-20 00:00:00'),
(379, 'Chief Referee', '27', 'chief_referee27@test.com', '$2b$10$WSTW/8cDMbNokSu89L4jlOhkIxrHnUitCT.beHYzdeRIgLeUDsueK', 1, 'male', NULL, '2007-05-13', NULL, '2026-05-20 00:00:00', '2026-05-20 00:00:00'),
(380, 'Chief Referee', '28', 'chief_referee28@test.com', '$2b$10$WSTW/8cDMbNokSu89L4jlOhkIxrHnUitCT.beHYzdeRIgLeUDsueK', 1, 'female', NULL, '2008-06-14', NULL, '2026-05-20 00:00:00', '2026-05-20 00:00:00'),
(381, 'Chief Referee', '29', 'chief_referee29@test.com', '$2b$10$WSTW/8cDMbNokSu89L4jlOhkIxrHnUitCT.beHYzdeRIgLeUDsueK', 1, 'male', NULL, '2009-07-15', NULL, '2026-05-20 00:00:00', '2026-05-20 00:00:00'),
(382, 'Chief Referee', '30', 'chief_referee30@test.com', '$2b$10$WSTW/8cDMbNokSu89L4jlOhkIxrHnUitCT.beHYzdeRIgLeUDsueK', 1, 'female', NULL, '1990-08-16', NULL, '2026-05-20 00:00:00', '2026-05-20 00:00:00'),
(383, 'Chief Referee', '31', 'chief_referee31@test.com', '$2b$10$WSTW/8cDMbNokSu89L4jlOhkIxrHnUitCT.beHYzdeRIgLeUDsueK', 1, 'male', NULL, '1991-09-17', NULL, '2026-05-20 00:00:00', '2026-05-20 00:00:00'),
(384, 'Chief Referee', '32', 'chief_referee32@test.com', '$2b$10$WSTW/8cDMbNokSu89L4jlOhkIxrHnUitCT.beHYzdeRIgLeUDsueK', 1, 'female', NULL, '1992-10-18', NULL, '2026-05-20 00:00:00', '2026-05-20 00:00:00'),
(385, 'Chief Referee', '33', 'chief_referee33@test.com', '$2b$10$WSTW/8cDMbNokSu89L4jlOhkIxrHnUitCT.beHYzdeRIgLeUDsueK', 1, 'male', NULL, '1993-11-19', NULL, '2026-05-20 00:00:00', '2026-05-20 00:00:00'),
(386, 'Chief Referee', '34', 'chief_referee34@test.com', '$2b$10$WSTW/8cDMbNokSu89L4jlOhkIxrHnUitCT.beHYzdeRIgLeUDsueK', 1, 'female', NULL, '1994-12-20', NULL, '2026-05-20 00:00:00', '2026-05-20 00:00:00'),
(387, 'Chief Referee', '35', 'chief_referee35@test.com', '$2b$10$WSTW/8cDMbNokSu89L4jlOhkIxrHnUitCT.beHYzdeRIgLeUDsueK', 1, 'male', NULL, '1995-01-21', NULL, '2026-05-20 00:00:00', '2026-05-20 00:00:00'),
(388, 'Chief Referee', '36', 'chief_referee36@test.com', '$2b$10$WSTW/8cDMbNokSu89L4jlOhkIxrHnUitCT.beHYzdeRIgLeUDsueK', 1, 'female', NULL, '1996-02-22', NULL, '2026-05-20 00:00:00', '2026-05-20 00:00:00'),
(389, 'Chief Referee', '37', 'chief_referee37@test.com', '$2b$10$WSTW/8cDMbNokSu89L4jlOhkIxrHnUitCT.beHYzdeRIgLeUDsueK', 1, 'male', NULL, '1997-03-23', NULL, '2026-05-20 00:00:00', '2026-05-20 00:00:00'),
(390, 'Chief Referee', '38', 'chief_referee38@test.com', '$2b$10$WSTW/8cDMbNokSu89L4jlOhkIxrHnUitCT.beHYzdeRIgLeUDsueK', 1, 'female', NULL, '1998-04-24', NULL, '2026-05-20 00:00:00', '2026-05-20 00:00:00'),
(391, 'Chief Referee', '39', 'chief_referee39@test.com', '$2b$10$WSTW/8cDMbNokSu89L4jlOhkIxrHnUitCT.beHYzdeRIgLeUDsueK', 1, 'male', NULL, '1999-05-25', NULL, '2026-05-20 00:00:00', '2026-05-20 00:00:00'),
(392, 'Chief Referee', '40', 'chief_referee40@test.com', '$2b$10$WSTW/8cDMbNokSu89L4jlOhkIxrHnUitCT.beHYzdeRIgLeUDsueK', 1, 'female', NULL, '2000-06-26', NULL, '2026-05-20 00:00:00', '2026-05-20 00:00:00'),
(393, 'Chief Referee', '41', 'chief_referee41@test.com', '$2b$10$WSTW/8cDMbNokSu89L4jlOhkIxrHnUitCT.beHYzdeRIgLeUDsueK', 1, 'male', NULL, '2001-07-27', NULL, '2026-05-20 00:00:00', '2026-05-20 00:00:00'),
(394, 'Chief Referee', '42', 'chief_referee42@test.com', '$2b$10$WSTW/8cDMbNokSu89L4jlOhkIxrHnUitCT.beHYzdeRIgLeUDsueK', 1, 'female', NULL, '2002-08-28', NULL, '2026-05-20 00:00:00', '2026-05-20 00:00:00'),
(395, 'Chief Referee', '43', 'chief_referee43@test.com', '$2b$10$WSTW/8cDMbNokSu89L4jlOhkIxrHnUitCT.beHYzdeRIgLeUDsueK', 1, 'male', NULL, '2003-09-01', NULL, '2026-05-20 00:00:00', '2026-05-20 00:00:00'),
(396, 'Chief Referee', '44', 'chief_referee44@test.com', '$2b$10$WSTW/8cDMbNokSu89L4jlOhkIxrHnUitCT.beHYzdeRIgLeUDsueK', 1, 'female', NULL, '2004-10-02', NULL, '2026-05-20 00:00:00', '2026-05-20 00:00:00'),
(397, 'Chief Referee', '45', 'chief_referee45@test.com', '$2b$10$WSTW/8cDMbNokSu89L4jlOhkIxrHnUitCT.beHYzdeRIgLeUDsueK', 1, 'male', NULL, '2005-11-03', NULL, '2026-05-20 00:00:00', '2026-05-20 00:00:00'),
(398, 'Chief Referee', '46', 'chief_referee46@test.com', '$2b$10$WSTW/8cDMbNokSu89L4jlOhkIxrHnUitCT.beHYzdeRIgLeUDsueK', 1, 'female', NULL, '2006-12-04', NULL, '2026-05-20 00:00:00', '2026-05-20 00:00:00'),
(399, 'Chief Referee', '47', 'chief_referee47@test.com', '$2b$10$WSTW/8cDMbNokSu89L4jlOhkIxrHnUitCT.beHYzdeRIgLeUDsueK', 1, 'male', NULL, '2007-01-05', NULL, '2026-05-20 00:00:00', '2026-05-20 00:00:00'),
(400, 'Chief Referee', '48', 'chief_referee48@test.com', '$2b$10$WSTW/8cDMbNokSu89L4jlOhkIxrHnUitCT.beHYzdeRIgLeUDsueK', 1, 'female', NULL, '2008-02-06', NULL, '2026-05-20 00:00:00', '2026-05-20 00:00:00'),
(401, 'Chief Referee', '49', 'chief_referee49@test.com', '$2b$10$WSTW/8cDMbNokSu89L4jlOhkIxrHnUitCT.beHYzdeRIgLeUDsueK', 1, 'male', NULL, '2009-03-07', NULL, '2026-05-20 00:00:00', '2026-05-20 00:00:00'),
(402, 'Chief Referee', '50', 'chief_referee50@test.com', '$2b$10$WSTW/8cDMbNokSu89L4jlOhkIxrHnUitCT.beHYzdeRIgLeUDsueK', 1, 'female', NULL, '1990-04-08', NULL, '2026-05-20 00:00:00', '2026-05-20 00:00:00');
-- ============================================================================
-- Seed Data: user_roles
-- Generated: 2026-06-10
-- userId mapped to deterministic account ranges above
-- ============================================================================
INSERT INTO `user_roles` (`userId`, `roleId`, `createdAt`, `updatedAt`) VALUES
(1, 1, '2026-05-20 00:00:00', '2026-05-20 00:00:00'),
(2, 5, '2026-05-20 00:00:00', '2026-05-20 00:00:00'),
(3, 2, '2026-05-20 00:00:00', '2026-05-20 00:00:00'),
(4, 2, '2026-05-20 00:00:00', '2026-05-20 00:00:00'),
(5, 2, '2026-05-20 00:00:00', '2026-05-20 00:00:00'),
(6, 2, '2026-05-20 00:00:00', '2026-05-20 00:00:00'),
(7, 2, '2026-05-20 00:00:00', '2026-05-20 00:00:00'),
(8, 2, '2026-05-20 00:00:00', '2026-05-20 00:00:00'),
(9, 2, '2026-05-20 00:00:00', '2026-05-20 00:00:00'),
(10, 2, '2026-05-20 00:00:00', '2026-05-20 00:00:00'),
(11, 2, '2026-05-20 00:00:00', '2026-05-20 00:00:00'),
(12, 2, '2026-05-20 00:00:00', '2026-05-20 00:00:00'),
(13, 2, '2026-05-20 00:00:00', '2026-05-20 00:00:00'),
(14, 2, '2026-05-20 00:00:00', '2026-05-20 00:00:00'),
(15, 2, '2026-05-20 00:00:00', '2026-05-20 00:00:00'),
(16, 2, '2026-05-20 00:00:00', '2026-05-20 00:00:00'),
(17, 2, '2026-05-20 00:00:00', '2026-05-20 00:00:00'),
(18, 2, '2026-05-20 00:00:00', '2026-05-20 00:00:00'),
(19, 2, '2026-05-20 00:00:00', '2026-05-20 00:00:00'),
(20, 2, '2026-05-20 00:00:00', '2026-05-20 00:00:00'),
(21, 2, '2026-05-20 00:00:00', '2026-05-20 00:00:00'),
(22, 2, '2026-05-20 00:00:00', '2026-05-20 00:00:00'),
(23, 2, '2026-05-20 00:00:00', '2026-05-20 00:00:00'),
(24, 2, '2026-05-20 00:00:00', '2026-05-20 00:00:00'),
(25, 2, '2026-05-20 00:00:00', '2026-05-20 00:00:00'),
(26, 2, '2026-05-20 00:00:00', '2026-05-20 00:00:00'),
(27, 2, '2026-05-20 00:00:00', '2026-05-20 00:00:00'),
(28, 2, '2026-05-20 00:00:00', '2026-05-20 00:00:00'),
(29, 2, '2026-05-20 00:00:00', '2026-05-20 00:00:00'),
(30, 2, '2026-05-20 00:00:00', '2026-05-20 00:00:00'),
(31, 2, '2026-05-20 00:00:00', '2026-05-20 00:00:00'),
(32, 2, '2026-05-20 00:00:00', '2026-05-20 00:00:00'),
(33, 2, '2026-05-20 00:00:00', '2026-05-20 00:00:00'),
(34, 2, '2026-05-20 00:00:00', '2026-05-20 00:00:00'),
(35, 2, '2026-05-20 00:00:00', '2026-05-20 00:00:00'),
(36, 2, '2026-05-20 00:00:00', '2026-05-20 00:00:00'),
(37, 2, '2026-05-20 00:00:00', '2026-05-20 00:00:00'),
(38, 2, '2026-05-20 00:00:00', '2026-05-20 00:00:00'),
(39, 2, '2026-05-20 00:00:00', '2026-05-20 00:00:00'),
(40, 2, '2026-05-20 00:00:00', '2026-05-20 00:00:00'),
(41, 2, '2026-05-20 00:00:00', '2026-05-20 00:00:00'),
(42, 2, '2026-05-20 00:00:00', '2026-05-20 00:00:00'),
(43, 2, '2026-05-20 00:00:00', '2026-05-20 00:00:00'),
(44, 2, '2026-05-20 00:00:00', '2026-05-20 00:00:00'),
(45, 2, '2026-05-20 00:00:00', '2026-05-20 00:00:00'),
(46, 2, '2026-05-20 00:00:00', '2026-05-20 00:00:00'),
(47, 2, '2026-05-20 00:00:00', '2026-05-20 00:00:00'),
(48, 2, '2026-05-20 00:00:00', '2026-05-20 00:00:00'),
(49, 2, '2026-05-20 00:00:00', '2026-05-20 00:00:00'),
(50, 2, '2026-05-20 00:00:00', '2026-05-20 00:00:00'),
(51, 2, '2026-05-20 00:00:00', '2026-05-20 00:00:00'),
(52, 2, '2026-05-20 00:00:00', '2026-05-20 00:00:00'),
(53, 2, '2026-05-20 00:00:00', '2026-05-20 00:00:00'),
(54, 2, '2026-05-20 00:00:00', '2026-05-20 00:00:00'),
(55, 2, '2026-05-20 00:00:00', '2026-05-20 00:00:00'),
(56, 2, '2026-05-20 00:00:00', '2026-05-20 00:00:00'),
(57, 2, '2026-05-20 00:00:00', '2026-05-20 00:00:00'),
(58, 2, '2026-05-20 00:00:00', '2026-05-20 00:00:00'),
(59, 2, '2026-05-20 00:00:00', '2026-05-20 00:00:00'),
(60, 2, '2026-05-20 00:00:00', '2026-05-20 00:00:00'),
(61, 2, '2026-05-20 00:00:00', '2026-05-20 00:00:00'),
(62, 2, '2026-05-20 00:00:00', '2026-05-20 00:00:00'),
(63, 2, '2026-05-20 00:00:00', '2026-05-20 00:00:00'),
(64, 2, '2026-05-20 00:00:00', '2026-05-20 00:00:00'),
(65, 2, '2026-05-20 00:00:00', '2026-05-20 00:00:00'),
(66, 2, '2026-05-20 00:00:00', '2026-05-20 00:00:00'),
(67, 2, '2026-05-20 00:00:00', '2026-05-20 00:00:00'),
(68, 2, '2026-05-20 00:00:00', '2026-05-20 00:00:00'),
(69, 2, '2026-05-20 00:00:00', '2026-05-20 00:00:00'),
(70, 2, '2026-05-20 00:00:00', '2026-05-20 00:00:00'),
(71, 2, '2026-05-20 00:00:00', '2026-05-20 00:00:00'),
(72, 2, '2026-05-20 00:00:00', '2026-05-20 00:00:00'),
(73, 2, '2026-05-20 00:00:00', '2026-05-20 00:00:00'),
(74, 2, '2026-05-20 00:00:00', '2026-05-20 00:00:00'),
(75, 2, '2026-05-20 00:00:00', '2026-05-20 00:00:00'),
(76, 2, '2026-05-20 00:00:00', '2026-05-20 00:00:00'),
(77, 2, '2026-05-20 00:00:00', '2026-05-20 00:00:00'),
(78, 2, '2026-05-20 00:00:00', '2026-05-20 00:00:00'),
(79, 2, '2026-05-20 00:00:00', '2026-05-20 00:00:00'),
(80, 2, '2026-05-20 00:00:00', '2026-05-20 00:00:00'),
(81, 2, '2026-05-20 00:00:00', '2026-05-20 00:00:00'),
(82, 2, '2026-05-20 00:00:00', '2026-05-20 00:00:00'),
(83, 2, '2026-05-20 00:00:00', '2026-05-20 00:00:00'),
(84, 2, '2026-05-20 00:00:00', '2026-05-20 00:00:00'),
(85, 2, '2026-05-20 00:00:00', '2026-05-20 00:00:00'),
(86, 2, '2026-05-20 00:00:00', '2026-05-20 00:00:00'),
(87, 2, '2026-05-20 00:00:00', '2026-05-20 00:00:00'),
(88, 2, '2026-05-20 00:00:00', '2026-05-20 00:00:00'),
(89, 2, '2026-05-20 00:00:00', '2026-05-20 00:00:00'),
(90, 2, '2026-05-20 00:00:00', '2026-05-20 00:00:00'),
(91, 2, '2026-05-20 00:00:00', '2026-05-20 00:00:00'),
(92, 2, '2026-05-20 00:00:00', '2026-05-20 00:00:00'),
(93, 2, '2026-05-20 00:00:00', '2026-05-20 00:00:00'),
(94, 2, '2026-05-20 00:00:00', '2026-05-20 00:00:00'),
(95, 2, '2026-05-20 00:00:00', '2026-05-20 00:00:00'),
(96, 2, '2026-05-20 00:00:00', '2026-05-20 00:00:00'),
(97, 2, '2026-05-20 00:00:00', '2026-05-20 00:00:00'),
(98, 2, '2026-05-20 00:00:00', '2026-05-20 00:00:00'),
(99, 2, '2026-05-20 00:00:00', '2026-05-20 00:00:00'),
(100, 2, '2026-05-20 00:00:00', '2026-05-20 00:00:00'),
(101, 2, '2026-05-20 00:00:00', '2026-05-20 00:00:00'),
(102, 2, '2026-05-20 00:00:00', '2026-05-20 00:00:00'),
(103, 2, '2026-05-20 00:00:00', '2026-05-20 00:00:00'),
(104, 2, '2026-05-20 00:00:00', '2026-05-20 00:00:00'),
(105, 2, '2026-05-20 00:00:00', '2026-05-20 00:00:00'),
(106, 2, '2026-05-20 00:00:00', '2026-05-20 00:00:00'),
(107, 2, '2026-05-20 00:00:00', '2026-05-20 00:00:00'),
(108, 2, '2026-05-20 00:00:00', '2026-05-20 00:00:00'),
(109, 2, '2026-05-20 00:00:00', '2026-05-20 00:00:00'),
(110, 2, '2026-05-20 00:00:00', '2026-05-20 00:00:00'),
(111, 2, '2026-05-20 00:00:00', '2026-05-20 00:00:00'),
(112, 2, '2026-05-20 00:00:00', '2026-05-20 00:00:00'),
(113, 2, '2026-05-20 00:00:00', '2026-05-20 00:00:00'),
(114, 2, '2026-05-20 00:00:00', '2026-05-20 00:00:00'),
(115, 2, '2026-05-20 00:00:00', '2026-05-20 00:00:00'),
(116, 2, '2026-05-20 00:00:00', '2026-05-20 00:00:00'),
(117, 2, '2026-05-20 00:00:00', '2026-05-20 00:00:00'),
(118, 2, '2026-05-20 00:00:00', '2026-05-20 00:00:00'),
(119, 2, '2026-05-20 00:00:00', '2026-05-20 00:00:00'),
(120, 2, '2026-05-20 00:00:00', '2026-05-20 00:00:00'),
(121, 2, '2026-05-20 00:00:00', '2026-05-20 00:00:00'),
(122, 2, '2026-05-20 00:00:00', '2026-05-20 00:00:00'),
(123, 2, '2026-05-20 00:00:00', '2026-05-20 00:00:00'),
(124, 2, '2026-05-20 00:00:00', '2026-05-20 00:00:00'),
(125, 2, '2026-05-20 00:00:00', '2026-05-20 00:00:00'),
(126, 2, '2026-05-20 00:00:00', '2026-05-20 00:00:00'),
(127, 2, '2026-05-20 00:00:00', '2026-05-20 00:00:00'),
(128, 2, '2026-05-20 00:00:00', '2026-05-20 00:00:00'),
(129, 2, '2026-05-20 00:00:00', '2026-05-20 00:00:00'),
(130, 2, '2026-05-20 00:00:00', '2026-05-20 00:00:00'),
(131, 2, '2026-05-20 00:00:00', '2026-05-20 00:00:00'),
(132, 2, '2026-05-20 00:00:00', '2026-05-20 00:00:00'),
(133, 2, '2026-05-20 00:00:00', '2026-05-20 00:00:00'),
(134, 2, '2026-05-20 00:00:00', '2026-05-20 00:00:00'),
(135, 2, '2026-05-20 00:00:00', '2026-05-20 00:00:00'),
(136, 2, '2026-05-20 00:00:00', '2026-05-20 00:00:00'),
(137, 2, '2026-05-20 00:00:00', '2026-05-20 00:00:00'),
(138, 2, '2026-05-20 00:00:00', '2026-05-20 00:00:00'),
(139, 2, '2026-05-20 00:00:00', '2026-05-20 00:00:00'),
(140, 2, '2026-05-20 00:00:00', '2026-05-20 00:00:00'),
(141, 2, '2026-05-20 00:00:00', '2026-05-20 00:00:00'),
(142, 2, '2026-05-20 00:00:00', '2026-05-20 00:00:00'),
(143, 2, '2026-05-20 00:00:00', '2026-05-20 00:00:00'),
(144, 2, '2026-05-20 00:00:00', '2026-05-20 00:00:00'),
(145, 2, '2026-05-20 00:00:00', '2026-05-20 00:00:00'),
(146, 2, '2026-05-20 00:00:00', '2026-05-20 00:00:00'),
(147, 2, '2026-05-20 00:00:00', '2026-05-20 00:00:00'),
(148, 2, '2026-05-20 00:00:00', '2026-05-20 00:00:00'),
(149, 2, '2026-05-20 00:00:00', '2026-05-20 00:00:00'),
(150, 2, '2026-05-20 00:00:00', '2026-05-20 00:00:00'),
(151, 2, '2026-05-20 00:00:00', '2026-05-20 00:00:00'),
(152, 2, '2026-05-20 00:00:00', '2026-05-20 00:00:00'),
(153, 2, '2026-05-20 00:00:00', '2026-05-20 00:00:00'),
(154, 2, '2026-05-20 00:00:00', '2026-05-20 00:00:00'),
(155, 2, '2026-05-20 00:00:00', '2026-05-20 00:00:00'),
(156, 2, '2026-05-20 00:00:00', '2026-05-20 00:00:00'),
(157, 2, '2026-05-20 00:00:00', '2026-05-20 00:00:00'),
(158, 2, '2026-05-20 00:00:00', '2026-05-20 00:00:00'),
(159, 2, '2026-05-20 00:00:00', '2026-05-20 00:00:00'),
(160, 2, '2026-05-20 00:00:00', '2026-05-20 00:00:00'),
(161, 2, '2026-05-20 00:00:00', '2026-05-20 00:00:00'),
(162, 2, '2026-05-20 00:00:00', '2026-05-20 00:00:00'),
(163, 2, '2026-05-20 00:00:00', '2026-05-20 00:00:00'),
(164, 2, '2026-05-20 00:00:00', '2026-05-20 00:00:00'),
(165, 2, '2026-05-20 00:00:00', '2026-05-20 00:00:00'),
(166, 2, '2026-05-20 00:00:00', '2026-05-20 00:00:00'),
(167, 2, '2026-05-20 00:00:00', '2026-05-20 00:00:00'),
(168, 2, '2026-05-20 00:00:00', '2026-05-20 00:00:00'),
(169, 2, '2026-05-20 00:00:00', '2026-05-20 00:00:00'),
(170, 2, '2026-05-20 00:00:00', '2026-05-20 00:00:00'),
(171, 2, '2026-05-20 00:00:00', '2026-05-20 00:00:00'),
(172, 2, '2026-05-20 00:00:00', '2026-05-20 00:00:00'),
(173, 2, '2026-05-20 00:00:00', '2026-05-20 00:00:00'),
(174, 2, '2026-05-20 00:00:00', '2026-05-20 00:00:00'),
(175, 2, '2026-05-20 00:00:00', '2026-05-20 00:00:00'),
(176, 2, '2026-05-20 00:00:00', '2026-05-20 00:00:00'),
(177, 2, '2026-05-20 00:00:00', '2026-05-20 00:00:00'),
(178, 2, '2026-05-20 00:00:00', '2026-05-20 00:00:00'),
(179, 2, '2026-05-20 00:00:00', '2026-05-20 00:00:00'),
(180, 2, '2026-05-20 00:00:00', '2026-05-20 00:00:00'),
(181, 2, '2026-05-20 00:00:00', '2026-05-20 00:00:00'),
(182, 2, '2026-05-20 00:00:00', '2026-05-20 00:00:00'),
(183, 2, '2026-05-20 00:00:00', '2026-05-20 00:00:00'),
(184, 2, '2026-05-20 00:00:00', '2026-05-20 00:00:00'),
(185, 2, '2026-05-20 00:00:00', '2026-05-20 00:00:00'),
(186, 2, '2026-05-20 00:00:00', '2026-05-20 00:00:00'),
(187, 2, '2026-05-20 00:00:00', '2026-05-20 00:00:00'),
(188, 2, '2026-05-20 00:00:00', '2026-05-20 00:00:00'),
(189, 2, '2026-05-20 00:00:00', '2026-05-20 00:00:00'),
(190, 2, '2026-05-20 00:00:00', '2026-05-20 00:00:00'),
(191, 2, '2026-05-20 00:00:00', '2026-05-20 00:00:00'),
(192, 2, '2026-05-20 00:00:00', '2026-05-20 00:00:00'),
(193, 2, '2026-05-20 00:00:00', '2026-05-20 00:00:00'),
(194, 2, '2026-05-20 00:00:00', '2026-05-20 00:00:00'),
(195, 2, '2026-05-20 00:00:00', '2026-05-20 00:00:00'),
(196, 2, '2026-05-20 00:00:00', '2026-05-20 00:00:00'),
(197, 2, '2026-05-20 00:00:00', '2026-05-20 00:00:00'),
(198, 2, '2026-05-20 00:00:00', '2026-05-20 00:00:00'),
(199, 2, '2026-05-20 00:00:00', '2026-05-20 00:00:00'),
(200, 2, '2026-05-20 00:00:00', '2026-05-20 00:00:00'),
(201, 2, '2026-05-20 00:00:00', '2026-05-20 00:00:00'),
(202, 2, '2026-05-20 00:00:00', '2026-05-20 00:00:00'),
(203, 4, '2026-05-20 00:00:00', '2026-05-20 00:00:00'),
(204, 4, '2026-05-20 00:00:00', '2026-05-20 00:00:00'),
(205, 4, '2026-05-20 00:00:00', '2026-05-20 00:00:00'),
(206, 4, '2026-05-20 00:00:00', '2026-05-20 00:00:00'),
(207, 4, '2026-05-20 00:00:00', '2026-05-20 00:00:00'),
(208, 4, '2026-05-20 00:00:00', '2026-05-20 00:00:00'),
(209, 4, '2026-05-20 00:00:00', '2026-05-20 00:00:00'),
(210, 4, '2026-05-20 00:00:00', '2026-05-20 00:00:00'),
(211, 4, '2026-05-20 00:00:00', '2026-05-20 00:00:00'),
(212, 4, '2026-05-20 00:00:00', '2026-05-20 00:00:00'),
(213, 4, '2026-05-20 00:00:00', '2026-05-20 00:00:00'),
(214, 4, '2026-05-20 00:00:00', '2026-05-20 00:00:00'),
(215, 4, '2026-05-20 00:00:00', '2026-05-20 00:00:00'),
(216, 4, '2026-05-20 00:00:00', '2026-05-20 00:00:00'),
(217, 4, '2026-05-20 00:00:00', '2026-05-20 00:00:00'),
(218, 4, '2026-05-20 00:00:00', '2026-05-20 00:00:00'),
(219, 4, '2026-05-20 00:00:00', '2026-05-20 00:00:00'),
(220, 4, '2026-05-20 00:00:00', '2026-05-20 00:00:00'),
(221, 4, '2026-05-20 00:00:00', '2026-05-20 00:00:00'),
(222, 4, '2026-05-20 00:00:00', '2026-05-20 00:00:00'),
(223, 4, '2026-05-20 00:00:00', '2026-05-20 00:00:00'),
(224, 4, '2026-05-20 00:00:00', '2026-05-20 00:00:00'),
(225, 4, '2026-05-20 00:00:00', '2026-05-20 00:00:00'),
(226, 4, '2026-05-20 00:00:00', '2026-05-20 00:00:00'),
(227, 4, '2026-05-20 00:00:00', '2026-05-20 00:00:00'),
(228, 4, '2026-05-20 00:00:00', '2026-05-20 00:00:00'),
(229, 4, '2026-05-20 00:00:00', '2026-05-20 00:00:00'),
(230, 4, '2026-05-20 00:00:00', '2026-05-20 00:00:00'),
(231, 4, '2026-05-20 00:00:00', '2026-05-20 00:00:00'),
(232, 4, '2026-05-20 00:00:00', '2026-05-20 00:00:00'),
(233, 4, '2026-05-20 00:00:00', '2026-05-20 00:00:00'),
(234, 4, '2026-05-20 00:00:00', '2026-05-20 00:00:00'),
(235, 4, '2026-05-20 00:00:00', '2026-05-20 00:00:00'),
(236, 4, '2026-05-20 00:00:00', '2026-05-20 00:00:00'),
(237, 4, '2026-05-20 00:00:00', '2026-05-20 00:00:00'),
(238, 4, '2026-05-20 00:00:00', '2026-05-20 00:00:00'),
(239, 4, '2026-05-20 00:00:00', '2026-05-20 00:00:00'),
(240, 4, '2026-05-20 00:00:00', '2026-05-20 00:00:00'),
(241, 4, '2026-05-20 00:00:00', '2026-05-20 00:00:00'),
(242, 4, '2026-05-20 00:00:00', '2026-05-20 00:00:00'),
(243, 4, '2026-05-20 00:00:00', '2026-05-20 00:00:00'),
(244, 4, '2026-05-20 00:00:00', '2026-05-20 00:00:00'),
(245, 4, '2026-05-20 00:00:00', '2026-05-20 00:00:00'),
(246, 4, '2026-05-20 00:00:00', '2026-05-20 00:00:00'),
(247, 4, '2026-05-20 00:00:00', '2026-05-20 00:00:00'),
(248, 4, '2026-05-20 00:00:00', '2026-05-20 00:00:00'),
(249, 4, '2026-05-20 00:00:00', '2026-05-20 00:00:00'),
(250, 4, '2026-05-20 00:00:00', '2026-05-20 00:00:00'),
(251, 4, '2026-05-20 00:00:00', '2026-05-20 00:00:00'),
(252, 4, '2026-05-20 00:00:00', '2026-05-20 00:00:00'),
(253, 4, '2026-05-20 00:00:00', '2026-05-20 00:00:00'),
(254, 4, '2026-05-20 00:00:00', '2026-05-20 00:00:00'),
(255, 4, '2026-05-20 00:00:00', '2026-05-20 00:00:00'),
(256, 4, '2026-05-20 00:00:00', '2026-05-20 00:00:00'),
(257, 4, '2026-05-20 00:00:00', '2026-05-20 00:00:00'),
(258, 4, '2026-05-20 00:00:00', '2026-05-20 00:00:00'),
(259, 4, '2026-05-20 00:00:00', '2026-05-20 00:00:00'),
(260, 4, '2026-05-20 00:00:00', '2026-05-20 00:00:00'),
(261, 4, '2026-05-20 00:00:00', '2026-05-20 00:00:00'),
(262, 4, '2026-05-20 00:00:00', '2026-05-20 00:00:00'),
(263, 4, '2026-05-20 00:00:00', '2026-05-20 00:00:00'),
(264, 4, '2026-05-20 00:00:00', '2026-05-20 00:00:00'),
(265, 4, '2026-05-20 00:00:00', '2026-05-20 00:00:00'),
(266, 4, '2026-05-20 00:00:00', '2026-05-20 00:00:00'),
(267, 4, '2026-05-20 00:00:00', '2026-05-20 00:00:00'),
(268, 4, '2026-05-20 00:00:00', '2026-05-20 00:00:00'),
(269, 4, '2026-05-20 00:00:00', '2026-05-20 00:00:00'),
(270, 4, '2026-05-20 00:00:00', '2026-05-20 00:00:00'),
(271, 4, '2026-05-20 00:00:00', '2026-05-20 00:00:00'),
(272, 4, '2026-05-20 00:00:00', '2026-05-20 00:00:00'),
(273, 4, '2026-05-20 00:00:00', '2026-05-20 00:00:00'),
(274, 4, '2026-05-20 00:00:00', '2026-05-20 00:00:00'),
(275, 4, '2026-05-20 00:00:00', '2026-05-20 00:00:00'),
(276, 4, '2026-05-20 00:00:00', '2026-05-20 00:00:00'),
(277, 4, '2026-05-20 00:00:00', '2026-05-20 00:00:00'),
(278, 4, '2026-05-20 00:00:00', '2026-05-20 00:00:00'),
(279, 4, '2026-05-20 00:00:00', '2026-05-20 00:00:00'),
(280, 4, '2026-05-20 00:00:00', '2026-05-20 00:00:00'),
(281, 4, '2026-05-20 00:00:00', '2026-05-20 00:00:00'),
(282, 4, '2026-05-20 00:00:00', '2026-05-20 00:00:00'),
(283, 4, '2026-05-20 00:00:00', '2026-05-20 00:00:00'),
(284, 4, '2026-05-20 00:00:00', '2026-05-20 00:00:00'),
(285, 4, '2026-05-20 00:00:00', '2026-05-20 00:00:00'),
(286, 4, '2026-05-20 00:00:00', '2026-05-20 00:00:00'),
(287, 4, '2026-05-20 00:00:00', '2026-05-20 00:00:00'),
(288, 4, '2026-05-20 00:00:00', '2026-05-20 00:00:00'),
(289, 4, '2026-05-20 00:00:00', '2026-05-20 00:00:00'),
(290, 4, '2026-05-20 00:00:00', '2026-05-20 00:00:00'),
(291, 4, '2026-05-20 00:00:00', '2026-05-20 00:00:00'),
(292, 4, '2026-05-20 00:00:00', '2026-05-20 00:00:00'),
(293, 4, '2026-05-20 00:00:00', '2026-05-20 00:00:00'),
(294, 4, '2026-05-20 00:00:00', '2026-05-20 00:00:00'),
(295, 4, '2026-05-20 00:00:00', '2026-05-20 00:00:00'),
(296, 4, '2026-05-20 00:00:00', '2026-05-20 00:00:00'),
(297, 4, '2026-05-20 00:00:00', '2026-05-20 00:00:00'),
(298, 4, '2026-05-20 00:00:00', '2026-05-20 00:00:00'),
(299, 4, '2026-05-20 00:00:00', '2026-05-20 00:00:00'),
(300, 4, '2026-05-20 00:00:00', '2026-05-20 00:00:00'),
(301, 4, '2026-05-20 00:00:00', '2026-05-20 00:00:00'),
(302, 4, '2026-05-20 00:00:00', '2026-05-20 00:00:00'),
(303, 4, '2026-05-20 00:00:00', '2026-05-20 00:00:00'),
(304, 4, '2026-05-20 00:00:00', '2026-05-20 00:00:00'),
(305, 4, '2026-05-20 00:00:00', '2026-05-20 00:00:00'),
(306, 4, '2026-05-20 00:00:00', '2026-05-20 00:00:00'),
(307, 4, '2026-05-20 00:00:00', '2026-05-20 00:00:00'),
(308, 4, '2026-05-20 00:00:00', '2026-05-20 00:00:00'),
(309, 4, '2026-05-20 00:00:00', '2026-05-20 00:00:00'),
(310, 4, '2026-05-20 00:00:00', '2026-05-20 00:00:00'),
(311, 4, '2026-05-20 00:00:00', '2026-05-20 00:00:00'),
(312, 4, '2026-05-20 00:00:00', '2026-05-20 00:00:00'),
(313, 4, '2026-05-20 00:00:00', '2026-05-20 00:00:00'),
(314, 4, '2026-05-20 00:00:00', '2026-05-20 00:00:00'),
(315, 4, '2026-05-20 00:00:00', '2026-05-20 00:00:00'),
(316, 4, '2026-05-20 00:00:00', '2026-05-20 00:00:00'),
(317, 4, '2026-05-20 00:00:00', '2026-05-20 00:00:00'),
(318, 4, '2026-05-20 00:00:00', '2026-05-20 00:00:00'),
(319, 4, '2026-05-20 00:00:00', '2026-05-20 00:00:00'),
(320, 4, '2026-05-20 00:00:00', '2026-05-20 00:00:00'),
(321, 4, '2026-05-20 00:00:00', '2026-05-20 00:00:00'),
(322, 4, '2026-05-20 00:00:00', '2026-05-20 00:00:00'),
(323, 4, '2026-05-20 00:00:00', '2026-05-20 00:00:00'),
(324, 4, '2026-05-20 00:00:00', '2026-05-20 00:00:00'),
(325, 4, '2026-05-20 00:00:00', '2026-05-20 00:00:00'),
(326, 4, '2026-05-20 00:00:00', '2026-05-20 00:00:00'),
(327, 4, '2026-05-20 00:00:00', '2026-05-20 00:00:00'),
(328, 4, '2026-05-20 00:00:00', '2026-05-20 00:00:00'),
(329, 4, '2026-05-20 00:00:00', '2026-05-20 00:00:00'),
(330, 4, '2026-05-20 00:00:00', '2026-05-20 00:00:00'),
(331, 4, '2026-05-20 00:00:00', '2026-05-20 00:00:00'),
(332, 4, '2026-05-20 00:00:00', '2026-05-20 00:00:00'),
(333, 4, '2026-05-20 00:00:00', '2026-05-20 00:00:00'),
(334, 4, '2026-05-20 00:00:00', '2026-05-20 00:00:00'),
(335, 4, '2026-05-20 00:00:00', '2026-05-20 00:00:00'),
(336, 4, '2026-05-20 00:00:00', '2026-05-20 00:00:00'),
(337, 4, '2026-05-20 00:00:00', '2026-05-20 00:00:00'),
(338, 4, '2026-05-20 00:00:00', '2026-05-20 00:00:00'),
(339, 4, '2026-05-20 00:00:00', '2026-05-20 00:00:00'),
(340, 4, '2026-05-20 00:00:00', '2026-05-20 00:00:00'),
(341, 4, '2026-05-20 00:00:00', '2026-05-20 00:00:00'),
(342, 4, '2026-05-20 00:00:00', '2026-05-20 00:00:00'),
(343, 4, '2026-05-20 00:00:00', '2026-05-20 00:00:00'),
(344, 4, '2026-05-20 00:00:00', '2026-05-20 00:00:00'),
(345, 4, '2026-05-20 00:00:00', '2026-05-20 00:00:00'),
(346, 4, '2026-05-20 00:00:00', '2026-05-20 00:00:00'),
(347, 4, '2026-05-20 00:00:00', '2026-05-20 00:00:00'),
(348, 4, '2026-05-20 00:00:00', '2026-05-20 00:00:00'),
(349, 4, '2026-05-20 00:00:00', '2026-05-20 00:00:00'),
(350, 4, '2026-05-20 00:00:00', '2026-05-20 00:00:00'),
(351, 4, '2026-05-20 00:00:00', '2026-05-20 00:00:00'),
(352, 4, '2026-05-20 00:00:00', '2026-05-20 00:00:00'),
(353, 3, '2026-05-20 00:00:00', '2026-05-20 00:00:00'),
(354, 3, '2026-05-20 00:00:00', '2026-05-20 00:00:00'),
(355, 3, '2026-05-20 00:00:00', '2026-05-20 00:00:00'),
(356, 3, '2026-05-20 00:00:00', '2026-05-20 00:00:00'),
(357, 3, '2026-05-20 00:00:00', '2026-05-20 00:00:00'),
(358, 3, '2026-05-20 00:00:00', '2026-05-20 00:00:00'),
(359, 3, '2026-05-20 00:00:00', '2026-05-20 00:00:00'),
(360, 3, '2026-05-20 00:00:00', '2026-05-20 00:00:00'),
(361, 3, '2026-05-20 00:00:00', '2026-05-20 00:00:00'),
(362, 3, '2026-05-20 00:00:00', '2026-05-20 00:00:00'),
(363, 3, '2026-05-20 00:00:00', '2026-05-20 00:00:00'),
(364, 3, '2026-05-20 00:00:00', '2026-05-20 00:00:00'),
(365, 3, '2026-05-20 00:00:00', '2026-05-20 00:00:00'),
(366, 3, '2026-05-20 00:00:00', '2026-05-20 00:00:00'),
(367, 3, '2026-05-20 00:00:00', '2026-05-20 00:00:00'),
(368, 3, '2026-05-20 00:00:00', '2026-05-20 00:00:00'),
(369, 3, '2026-05-20 00:00:00', '2026-05-20 00:00:00'),
(370, 3, '2026-05-20 00:00:00', '2026-05-20 00:00:00'),
(371, 3, '2026-05-20 00:00:00', '2026-05-20 00:00:00'),
(372, 3, '2026-05-20 00:00:00', '2026-05-20 00:00:00'),
(373, 3, '2026-05-20 00:00:00', '2026-05-20 00:00:00'),
(374, 3, '2026-05-20 00:00:00', '2026-05-20 00:00:00'),
(375, 3, '2026-05-20 00:00:00', '2026-05-20 00:00:00'),
(376, 3, '2026-05-20 00:00:00', '2026-05-20 00:00:00'),
(377, 3, '2026-05-20 00:00:00', '2026-05-20 00:00:00'),
(378, 3, '2026-05-20 00:00:00', '2026-05-20 00:00:00'),
(379, 3, '2026-05-20 00:00:00', '2026-05-20 00:00:00'),
(380, 3, '2026-05-20 00:00:00', '2026-05-20 00:00:00'),
(381, 3, '2026-05-20 00:00:00', '2026-05-20 00:00:00'),
(382, 3, '2026-05-20 00:00:00', '2026-05-20 00:00:00'),
(383, 3, '2026-05-20 00:00:00', '2026-05-20 00:00:00'),
(384, 3, '2026-05-20 00:00:00', '2026-05-20 00:00:00'),
(385, 3, '2026-05-20 00:00:00', '2026-05-20 00:00:00'),
(386, 3, '2026-05-20 00:00:00', '2026-05-20 00:00:00'),
(387, 3, '2026-05-20 00:00:00', '2026-05-20 00:00:00'),
(388, 3, '2026-05-20 00:00:00', '2026-05-20 00:00:00'),
(389, 3, '2026-05-20 00:00:00', '2026-05-20 00:00:00'),
(390, 3, '2026-05-20 00:00:00', '2026-05-20 00:00:00'),
(391, 3, '2026-05-20 00:00:00', '2026-05-20 00:00:00'),
(392, 3, '2026-05-20 00:00:00', '2026-05-20 00:00:00'),
(393, 3, '2026-05-20 00:00:00', '2026-05-20 00:00:00'),
(394, 3, '2026-05-20 00:00:00', '2026-05-20 00:00:00'),
(395, 3, '2026-05-20 00:00:00', '2026-05-20 00:00:00'),
(396, 3, '2026-05-20 00:00:00', '2026-05-20 00:00:00'),
(397, 3, '2026-05-20 00:00:00', '2026-05-20 00:00:00'),
(398, 3, '2026-05-20 00:00:00', '2026-05-20 00:00:00'),
(399, 3, '2026-05-20 00:00:00', '2026-05-20 00:00:00'),
(400, 3, '2026-05-20 00:00:00', '2026-05-20 00:00:00'),
(401, 3, '2026-05-20 00:00:00', '2026-05-20 00:00:00'),
(402, 3, '2026-05-20 00:00:00', '2026-05-20 00:00:00');

-- ============================================================================
-- Seed Data: additional users to reach 500 accounts per role
-- Ranges:
--   403-702: user accounts 201-500
--   703-1052: referee accounts 151-500
--   1053-1502: chief_referee accounts 51-500
-- ============================================================================

INSERT INTO `users` (`id`, `firstName`, `lastName`, `email`, `password`, `isEmailVerified`, `gender`, `avatarUrl`, `dob`, `phoneNumber`, `createdAt`, `updatedAt`)
WITH RECURSIVE seq AS (
  SELECT 201 AS n
  UNION ALL
  SELECT n + 1 FROM seq WHERE n < 500
)
SELECT
  202 + n AS `id`,
  'User' AS `firstName`,
  CAST(n AS CHAR) AS `lastName`,
  CONCAT('user', n, '@test.com') AS `email`,
  '$2b$10$WSTW/8cDMbNokSu89L4jlOhkIxrHnUitCT.beHYzdeRIgLeUDsueK' AS `password`,
  1 AS `isEmailVerified`,
  IF(MOD(n, 2) = 1, 'male', 'female') AS `gender`,
  NULL AS `avatarUrl`,
  STR_TO_DATE(CONCAT(1990 + MOD(n - 1, 20), '-', LPAD(1 + MOD(n - 1, 12), 2, '0'), '-', LPAD(1 + MOD(n - 1, 28), 2, '0')), '%Y-%m-%d') AS `dob`,
  NULL AS `phoneNumber`,
  '2026-05-20 00:00:00' AS `createdAt`,
  '2026-05-20 00:00:00' AS `updatedAt`
FROM seq;

INSERT INTO `users` (`id`, `firstName`, `lastName`, `email`, `password`, `isEmailVerified`, `gender`, `avatarUrl`, `dob`, `phoneNumber`, `createdAt`, `updatedAt`)
WITH RECURSIVE seq AS (
  SELECT 151 AS n
  UNION ALL
  SELECT n + 1 FROM seq WHERE n < 500
)
SELECT
  552 + n AS `id`,
  'Referee' AS `firstName`,
  CAST(n AS CHAR) AS `lastName`,
  CONCAT('referee', n, '@test.com') AS `email`,
  '$2b$10$WSTW/8cDMbNokSu89L4jlOhkIxrHnUitCT.beHYzdeRIgLeUDsueK' AS `password`,
  1 AS `isEmailVerified`,
  IF(MOD(n, 2) = 1, 'male', 'female') AS `gender`,
  NULL AS `avatarUrl`,
  STR_TO_DATE(CONCAT(1990 + MOD(n - 1, 20), '-', LPAD(1 + MOD(n - 1, 12), 2, '0'), '-', LPAD(1 + MOD(n - 1, 28), 2, '0')), '%Y-%m-%d') AS `dob`,
  NULL AS `phoneNumber`,
  '2026-05-20 00:00:00' AS `createdAt`,
  '2026-05-20 00:00:00' AS `updatedAt`
FROM seq;

INSERT INTO `users` (`id`, `firstName`, `lastName`, `email`, `password`, `isEmailVerified`, `gender`, `avatarUrl`, `dob`, `phoneNumber`, `createdAt`, `updatedAt`)
WITH RECURSIVE seq AS (
  SELECT 51 AS n
  UNION ALL
  SELECT n + 1 FROM seq WHERE n < 500
)
SELECT
  1002 + n AS `id`,
  'Chief Referee' AS `firstName`,
  CAST(n AS CHAR) AS `lastName`,
  CONCAT('chief_referee', n, '@test.com') AS `email`,
  '$2b$10$WSTW/8cDMbNokSu89L4jlOhkIxrHnUitCT.beHYzdeRIgLeUDsueK' AS `password`,
  1 AS `isEmailVerified`,
  IF(MOD(n, 2) = 1, 'male', 'female') AS `gender`,
  NULL AS `avatarUrl`,
  STR_TO_DATE(CONCAT(1990 + MOD(n - 1, 20), '-', LPAD(1 + MOD(n - 1, 12), 2, '0'), '-', LPAD(1 + MOD(n - 1, 28), 2, '0')), '%Y-%m-%d') AS `dob`,
  NULL AS `phoneNumber`,
  '2026-05-20 00:00:00' AS `createdAt`,
  '2026-05-20 00:00:00' AS `updatedAt`
FROM seq;

INSERT INTO `user_roles` (`userId`, `roleId`, `createdAt`, `updatedAt`)
WITH RECURSIVE seq AS (
  SELECT 403 AS id
  UNION ALL
  SELECT id + 1 FROM seq WHERE id < 702
)
SELECT id, 2, '2026-05-20 00:00:00', '2026-05-20 00:00:00'
FROM seq;

INSERT INTO `user_roles` (`userId`, `roleId`, `createdAt`, `updatedAt`)
WITH RECURSIVE seq AS (
  SELECT 703 AS id
  UNION ALL
  SELECT id + 1 FROM seq WHERE id < 1052
)
SELECT id, 4, '2026-05-20 00:00:00', '2026-05-20 00:00:00'
FROM seq;

INSERT INTO `user_roles` (`userId`, `roleId`, `createdAt`, `updatedAt`)
WITH RECURSIVE seq AS (
  SELECT 1053 AS id
  UNION ALL
  SELECT id + 1 FROM seq WHERE id < 1502
)
SELECT id, 3, '2026-05-20 00:00:00', '2026-05-20 00:00:00'
FROM seq;

